取引日,出金金額（円）,入金金額（円）,海外出金金額,通貨,変換レート（円）,利用国,取引内容,取引先,取引方法,支払い区分,利用者,取引番号
2026/01/02 12:27:06,"1,100",-,-,-,-,-,支払い,ワンコインドーム - 1515,PayPay残高,-,-,04880618952217591815
2026/01/02 11:42:19,"2,100",-,-,-,-,-,送った金額,樹生,PayPay残高,-,-,02169447591715799049
2026/01/02 11:42:09,"1,100",-,-,-,-,-,送った金額,にゃー,PayPay残高,-,-,02169447497224388609
2026/01/01 23:01:20,-,"10,000",-,-,-,-,チャージ,PayPay,セブン銀行ATM,-,-,02169055383891984384
2025/12/30 21:12:11,500,-,-,-,-,-,支払い,CIC,"PayPayポイント (386円), PayPay残高 (114円)",-,-,04878663067060674560
2025/12/30 21:05:46,-,"1,000",-,-,-,JP,受け取った金額,にゃー,PayPay残高,-,-,02167511471996215314
2025/12/01 04:05:40,"1,000",-,-,-,-,-,期間限定ポイントの期限切れ,-,PayPayポイント,-,-,04053431039882960965
2025/11/06 15:13:06,-,2,-,-,-,-,ポイント、残高の獲得,セブン-イレブン,PayPayポイント,-,-,04838400789491539972
2025/11/06 15:13:06,578,-,-,-,-,-,支払い,セブン-イレブン - 大阪西中島４丁目,"PayPayポイント (12円), PayPay残高 (566円)",-,-,04838400789491539972
2025/11/05 22:26:23,900,-,-,-,-,-,支払い,タクシー車内決済(GO) - 株式会社国際興業大阪　我孫子営業所,PayPay残高,-,-,04837881931672076290
2025/11/05 22:26:22,-,4,-,-,-,-,ポイント、残高の獲得,タクシー車内決済(GO),PayPayポイント,-,-,04837881931672076290
2025/11/05 21:59:37,-,6,-,-,-,-,ポイント、残高の獲得,中華そばふじい,PayPayポイント,-,-,04837868144827613188
2025/11/05 21:59:37,"1,320",-,-,-,-,-,支払い,中華そばふじい - なんば店,"PayPayポイント (6円), PayPay残高 (1,314円)",-,-,04837868144827613188
2025/11/05 00:11:27,"1,000",-,-,-,-,-,送った金額,にゃー,PayPay残高,-,-,02126045641517572096
2025/11/04 17:45:45,-,13,-,-,-,-,ポイント、残高の獲得,Uber Eats,PayPayポイント,-,-,04836980821762695171
2025/11/04 17:17:59,"2,801",-,-,-,-,-,支払い,Uber Eats,"PayPayポイント (36円), PayPay残高 (2,765円)",-,-,04836980821762695171
2025/11/04 08:28:20,"3,000",-,-,-,-,-,送った金額,志村雄太,PayPay残高,-,-,02125559554298904576
2025/11/03 23:23:02,"6,000",-,-,-,-,-,送った金額,志村雄太,PayPay残高,-,-,02125278508818964480
2025/11/03 20:19:36,-,"3,600",-,-,-,JP,受け取った金額,ライキ,PayPay残高,-,-,02125183967998812170
2025/11/03 20:17:25,-,"5,000",-,-,-,JP,受け取った金額,志村雄太,PayPay残高,-,-,02125182842717306890
2025/11/02 16:49:53,-,21,-,-,-,-,ポイント、残高の獲得,GEO,PayPayポイント,-,-,04835481989845450760
2025/11/02 16:49:53,"4,295",-,-,-,-,-,支払い,GEO - セカンドストリート堀江店,PayPay残高,-,-,04835481989845450760
2025/11/02 14:35:14,-,9,-,-,-,-,ポイント、残高の獲得,Uber Eats,PayPayポイント,-,-,04835407248824565767
2025/11/02 14:24:52,"1,832",-,-,-,-,-,支払い,Uber Eats,"PayPayポイント (9円), PayPay残高 (1,823円)",-,-,04835407248824565767
2025/11/01 20:45:46,-,3,-,-,-,-,ポイント、残高の獲得,セブン-イレブン,PayPayポイント,-,-,04834855208088248322
2025/11/01 20:33:45,686,-,-,-,-,-,支払い,セブン-イレブン - 大阪日本橋３丁目,PayPay残高,-,-,04834855208088248322
2025/11/01 15:04:26,195,-,-,-,-,-,支払い,セブン-イレブン - 大阪日本橋３丁目,PayPay残高,-,-,04834685470980702216
2025/11/01 14:43:12,734,-,-,-,-,-,支払い,髙島屋 - 大阪店,PayPay残高,-,-,04834674535994097670
2025/11/01 14:43:12,-,3,-,-,-,-,ポイント、残高の獲得,髙島屋,PayPayポイント,-,-,04834674535994097670
2025/11/01 14:39:17,-,79,-,-,-,-,ポイント、残高の獲得,なんばCITY,PayPayポイント,-,-,04834672508769419272
2025/11/01 14:39:17,"15,950",-,-,-,-,-,支払い,なんばCITY - アダム　エ　ロペ,PayPay残高,-,-,04834672508769419272
2025/11/01 13:02:51,-,37,-,-,-,-,ポイント、残高の獲得,千一夜,PayPayポイント,-,-,04834622807407222793
2025/11/01 13:02:51,"7,590",-,-,-,-,-,支払い,千一夜,"PayPayポイント (5円), PayPay残高 (7,585円)",-,-,04834622807407222793
2025/10/31 16:04:41,-,7,-,-,-,-,ポイント、残高の獲得,デイリーヤマザキ,PayPayポイント,-,-,04833974361835560960
2025/10/31 16:04:41,"1,536",-,-,-,-,-,支払い,デイリーヤマザキ - 淀川西中島,PayPay残高,-,-,04833974361835560960
2025/10/30 12:56:53,890,-,-,-,-,-,支払い,媛 - 故郷味の旅,PayPay残高,-,-,04833135400103370753
2025/10/30 12:56:53,-,4,-,-,-,-,ポイント、残高の獲得,媛,PayPayポイント,-,-,04833135400103370753
2025/10/30 09:02:27,-,"16,030",-,-,-,JP,受け取った金額,志村雄太,PayPay残高,-,-,02121866286150918146
2025/10/29 23:14:06,"4,000",-,-,-,-,-,送った金額,志村雄太,PayPay残高,-,-,02121563052869836808
2025/10/29 23:13:40,"4,000",-,-,-,-,-,送った金額,ライキ,PayPay残高,-,-,02121562838118932480
2025/10/29 15:18:38,-,4,-,-,-,-,ポイント、残高の獲得,デイリーヤマザキ,PayPayポイント,-,-,04832466287147982848
2025/10/29 15:18:38,970,-,-,-,-,-,支払い,デイリーヤマザキ - 淀川西中島,PayPay残高,-,-,04832466287147982848
2025/10/29 11:42:23,-,4,-,-,-,-,ポイント、残高の獲得,媛,PayPayポイント,-,-,04832354832747364352
2025/10/29 11:42:23,890,-,-,-,-,-,支払い,媛 - 故郷味の旅,"PayPayポイント (78円), PayPay残高 (812円)",-,-,04832354832747364352
2025/10/27 22:46:28,916,-,-,-,-,-,支払い,ローソン - ローソンストア100浪速日本橋,PayPay残高,-,-,04831212749403209730
2025/10/27 22:46:27,-,4,-,-,-,-,ポイント、残高の獲得,ローソン,PayPayポイント,-,-,04831212749403209730
2025/10/27 13:43:55,-,1,-,-,-,-,ポイント、残高の獲得,BIZcomfortCafe 大阪江戸堀,PayPayポイント,-,-,04830933121260929032
2025/10/27 13:43:55,380,-,-,-,-,-,支払い,BIZcomfortCafe 大阪江戸堀,"PayPayポイント (21円), PayPay残高 (359円)",-,-,04830933121260929032
2025/10/26 23:07:45,-,"1,500",-,-,-,JP,受け取った金額,n,PayPay残高,-,-,02119333269057650696
2025/10/26 17:22:45,"6,754",-,-,-,-,-,支払い,心斎橋PARCO - やきとり正や心斎橋PARCO店,PayPay残高,-,-,04830303736753258498
2025/10/26 17:22:44,-,33,-,-,-,-,ポイント、残高の獲得,心斎橋PARCO,PayPayポイント,-,-,04830303736753258498
2025/10/26 13:44:00,-,6,-,-,-,-,ポイント、残高の獲得,ローソン,PayPayポイント,-,-,04830190993861607431
2025/10/26 13:44:00,"1,338",-,-,-,-,-,支払い,ローソン - ローソンストア100浪速日本橋,PayPay残高,-,-,04830190993861607431
2025/10/25 23:34:52,-,25,-,-,-,-,ポイント、残高の獲得,スギ薬局グループ,PayPayポイント,-,-,04829753362464735232
2025/10/25 23:34:52,"5,163",-,-,-,-,-,支払い,スギ薬局グループ - スギドラッグ道頓堀東店,PayPay残高,-,-,04829753362464735232
2025/10/25 16:21:35,-,2,-,-,-,-,ポイント、残高の獲得,NEXCO西日本,PayPayポイント,-,-,04829530049935114240
2025/10/25 16:21:35,409,-,-,-,-,-,支払い,NEXCO西日本 - 権現湖パーキングエリア上り線,PayPay残高,-,-,04829530049935114240
2025/10/25 15:10:42,"2,654",-,-,-,-,-,支払い,NEXCO西日本 - 吉備サービスエリア上り線,PayPay残高,-,-,04829493508353064970
2025/10/25 15:10:42,-,13,-,-,-,-,ポイント、残高の獲得,NEXCO西日本,PayPayポイント,-,-,04829493508353064970
2025/10/25 15:04:30,-,1,-,-,-,-,ポイント、残高の獲得,NEXCO西日本,PayPayポイント,-,-,04829490321487331328
2025/10/25 15:04:30,365,-,-,-,-,-,支払い,NEXCO西日本 - 吉備サービスエリア上り線,PayPay残高,-,-,04829490321487331328
2025/10/25 09:31:32,-,9,-,-,-,-,ポイント、残高の獲得,ファミリーマート,PayPayポイント,-,-,04829318711773773824
2025/10/25 09:31:32,"1,859",-,-,-,-,-,支払い,ファミリーマート - 池田木部町,PayPay残高,-,-,04829318711773773824
2025/10/24 22:33:18,-,2,-,-,-,-,ポイント、残高の獲得,セブン-イレブン,PayPayポイント,-,-,04828979460897382400
2025/10/24 22:33:18,468,-,-,-,-,-,支払い,セブン-イレブン - 大阪西中島４丁目,PayPay残高,-,-,04828979460897382400
2025/10/24 15:42:27,-,4,-,-,-,-,ポイント、残高の獲得,マクドナルド,PayPayポイント,-,-,04828767701829869570
2025/10/24 15:42:27,940,-,-,-,-,-,支払い,マクドナルド - マクドナルド西中島南方店,PayPay残高,-,-,04828767701829869570
2025/10/24 09:22:20,-,1,-,-,-,-,ポイント、残高の獲得,セブン-イレブン,PayPayポイント,-,-,04828571799781564417
2025/10/24 09:22:20,320,-,-,-,-,-,支払い,セブン-イレブン - 大阪西中島４丁目,PayPay残高,-,-,04828571799781564417
2025/10/23 20:17:49,868,-,-,-,-,-,支払い,セブン-イレブン - 大阪日本橋３丁目,PayPay残高,-,-,04828167454380056581
2025/10/23 20:17:49,-,4,-,-,-,-,ポイント、残高の獲得,セブン-イレブン,PayPayポイント,-,-,04828167454380056581
2025/10/23 09:17:02,194,-,-,-,-,-,支払い,デイリーヤマザキ - 淀川西中島,PayPay残高,-,-,04827826897833287680
2025/10/22 05:26:43,-,21,-,-,-,-,ポイント、残高の獲得,スシローお持ち帰りネット注文,PayPayポイント,-,-,04826484754911477760
2025/10/21 19:32:35,-,2,-,-,-,-,ポイント、残高の獲得,セブン-イレブン,PayPayポイント,-,-,04826659800597757964
2025/10/21 19:32:35,464,-,-,-,-,-,支払い,セブン-イレブン - 大阪日本橋３丁目,PayPay残高,-,-,04826659800597757964
2025/10/21 13:52:56,"4,300",-,-,-,-,-,支払い,スシローお持ち帰りネット注文,PayPay残高,-,-,04826484754911477760
2025/10/20 21:30:32,-,4,-,-,-,-,ポイント、残高の獲得,セブン-イレブン,PayPayポイント,-,-,04825978429806157825
2025/10/20 21:30:32,847,-,-,-,-,-,支払い,セブン-イレブン - 大阪日本橋３丁目,PayPay残高,-,-,04825978429806157825
2025/10/20 21:17:57,-,9,-,-,-,-,ポイント、残高の獲得,吉野家,PayPayポイント,-,-,04825971944406073344
2025/10/20 21:17:57,"1,846",-,-,-,-,-,支払い,吉野家 - なんばＣＩＴＹ南館店,PayPay残高,-,-,04825971944406073344
2025/10/20 12:32:18,-,14,-,-,-,-,ポイント、残高の獲得,Uber Eats,PayPayポイント,-,-,04825686286131617801
2025/10/20 12:03:43,"2,800",-,-,-,-,-,支払い,Uber Eats,PayPay残高,-,-,04825686286131617801
2025/10/20 00:42:51,-,6,-,-,-,-,ポイント、残高の獲得,Uber Eats,PayPayポイント,-,-,04825318834499117059
2025/10/20 00:10:46,"1,226",-,-,-,-,-,支払い,Uber Eats,PayPay残高,-,-,04825318834499117059
2025/10/19 15:28:33,-,2,-,-,-,-,ポイント、残高の獲得,セブン-イレブン,PayPayポイント,-,-,04825049694668554240
2025/10/19 15:28:33,452,-,-,-,-,-,支払い,セブン-イレブン - 富田林瀧谷不動,PayPay残高,-,-,04825049694668554240
2025/10/19 15:25:45,818,-,-,-,-,-,支払い,セブン-イレブン - 富田林瀧谷不動,PayPay残高,-,-,04825048242969116679
2025/10/19 15:25:44,-,4,-,-,-,-,ポイント、残高の獲得,セブン-イレブン,PayPayポイント,-,-,04825048242969116679
2025/10/19 14:21:36,120,-,-,-,-,-,支払い,セブン-イレブン - 富田林瀧谷不動,PayPay残高,-,-,04825015188901208069
2025/10/19 11:05:32,149,-,-,-,-,-,支払い,ローソン - 河南町神山,PayPay残高,-,-,04824914128320135171
2025/10/19 09:55:39,"3,543",-,-,-,-,-,支払い,セブン-イレブン - 富田林錦織東,"PayPayポイント (144円), PayPay残高 (3,399円)",-,-,04824878110724825097
2025/10/19 09:55:39,-,16,-,-,-,-,ポイント、残高の獲得,セブン-イレブン,PayPayポイント,-,-,04824878110724825097
2025/10/19 06:54:48,-,"70,000",-,-,-,-,チャージ,PayPay,ローソン銀行ATM,-,-,02113636622004658183
2025/10/18 20:14:51,-,"1,000",-,-,-,JP,受け取った金額,HIRO,PayPay残高,-,-,02113306794284523527
2025/10/09 09:40:16,-,"1,000",-,-,-,-,ポイント、残高の獲得,Yahoo!ショッピング,PayPayポイント,-,-,lp-102895974642327552-c_dd38b41b-9c62-48ac-8b6b-78fc19450f24_sppf
2025/10/09 00:01:33,-,3,-,-,-,-,ポイント、残高の獲得,吉野家,PayPayポイント,-,-,04817150210426462209
2025/10/09 00:01:33,715,-,-,-,-,-,支払い,吉野家 - なんばＣＩＴＹ南館店,PayPay残高,-,-,04817150210426462209
2025/10/08 20:03:29,580,-,-,-,-,-,支払い,ローソン - 富田林錦織,PayPay残高,-,-,04817027511801405444
2025/10/08 20:03:28,-,2,-,-,-,-,ポイント、残高の獲得,ローソン,PayPayポイント,-,-,04817027511801405444
2025/10/08 12:37:27,-,2,-,-,-,-,ポイント、残高の獲得,ニコニコ本舗,PayPayポイント,-,-,04816797636561584131
2025/10/08 12:37:27,500,-,-,-,-,-,支払い,ニコニコ本舗 - 西中島店,"PayPayポイント (18円), PayPay残高 (482円)",-,-,04816797636561584131
2025/10/07 19:20:20,"2,600",-,-,-,-,-,支払い,法善寺横丁　喝鈍 - 喝鈍,"PayPayポイント (25円), PayPay残高 (2,575円)",-,-,04816263102112088068
2025/10/07 19:20:19,-,12,-,-,-,-,ポイント、残高の獲得,法善寺横丁　喝鈍,PayPayポイント,-,-,04816263102112088068
2025/10/06 14:27:22,"1,340",-,-,-,-,-,支払い,アスペルジュ - アスペルジュ,PayPay残高,-,-,04815369946482483200
2025/10/06 14:27:22,-,6,-,-,-,-,ポイント、残高の獲得,アスペルジュ,PayPayポイント,-,-,04815369946482483200
2025/10/05 16:58:34,-,27,-,-,-,-,ポイント、残高の獲得,Uber Eats,PayPayポイント,-,-,04814687201301667842
2025/10/05 16:22:40,"5,510",-,-,-,-,-,支払い,Uber Eats,PayPay残高,-,-,04814687201301667842
2025/10/04 17:56:54,-,2,-,-,-,-,ポイント、残高の獲得,ChargeSPOT,PayPayポイント,-,-,04813918170227048458
2025/10/04 15:30:34,430,-,-,-,-,-,支払い,ChargeSPOT,PayPay残高,-,-,04813918170227048458
2025/10/04 10:12:55,-,7,-,-,-,-,ポイント、残高の獲得,タクシー車内決済(GO),PayPayポイント,-,-,04813754463253438465
2025/10/04 10:12:55,"1,500",-,-,-,-,-,支払い,タクシー車内決済(GO) - 株式会社未来都　中津営業所,PayPay残高,-,-,04813754463253438465
2025/10/03 11:47:13,"1,850",-,-,-,-,-,支払い,丸亀製麺 - 丸亀製麺　　なんば,PayPay残高,-,-,04813060886165266438
2025/10/03 11:47:13,-,9,-,-,-,-,ポイント、残高の獲得,丸亀製麺,PayPayポイント,-,-,04813060886165266438
2025/10/02 15:31:26,-,5,-,-,-,-,ポイント、残高の獲得,Uber Eats,PayPayポイント,-,-,04812430153037381632
2025/10/02 15:23:25,"1,176",-,-,-,-,-,支払い,Uber Eats,PayPay残高,-,-,04812430153037381632
2025/10/01 09:20:20,172,-,-,-,-,-,支払い,セブン-イレブン - 大阪西中島４丁目,PayPay残高,-,-,04811500842373980162
2025/09/29 19:58:36,-,10,-,-,-,-,ポイント、残高の獲得,Uber Eats,PayPayポイント,-,-,04810333298462285829
2025/09/29 19:35:00,"2,113",-,-,-,-,-,支払い,Uber Eats,PayPay残高,-,-,04810333298462285829
2025/09/29 13:40:49,"1,940",-,-,-,-,-,支払い,エディオン - なんば本店,PayPay残高,-,-,04810150753762263047
2025/09/29 13:40:49,-,9,-,-,-,-,ポイント、残高の獲得,エディオン,PayPayポイント,-,-,04810150753762263047
2025/09/29 04:43:54,-,23,-,-,-,-,ポイント、残高の獲得,Amazon.co.jp,PayPayポイント,-,-,04809874029019979776
2025/09/29 04:43:53,"4,696",-,-,-,-,-,支払い,Amazon.co.jp,PayPay残高,-,-,04809874029019979776
2025/09/28 15:37:32,-,3,-,-,-,-,ポイント、残高の獲得,甲賀流,PayPayポイント,-,-,04809468738725421058
2025/09/28 15:37:32,700,-,-,-,-,-,支払い,甲賀流 - 本店,PayPay残高,-,-,04809468738725421058
2025/09/28 03:38:37,585,-,-,-,-,-,支払い,セブン-イレブン - 大阪日本橋３丁目,PayPay残高,-,-,04809098220487254019
2025/09/28 03:38:37,-,2,-,-,-,-,ポイント、残高の獲得,セブン-イレブン,PayPayポイント,-,-,04809098220487254019
2025/09/28 03:00:16,-,7,-,-,-,-,ポイント、残高の獲得,Zerro,PayPayポイント,-,-,04809078446457831427
2025/09/28 03:00:16,"1,400",-,-,-,-,-,支払い,Zerro,PayPay残高,-,-,04809078446457831427
2025/09/28 02:58:33,-,10,-,-,-,-,ポイント、残高の獲得,Zerro,PayPayポイント,-,-,04809077561693913088
2025/09/28 02:58:33,"2,000",-,-,-,-,-,支払い,Zerro,PayPay残高,-,-,04809077561693913088
2025/09/28 02:29:41,-,14,-,-,-,-,ポイント、残高の獲得,Zerro,PayPayポイント,-,-,04809062692517560320
2025/09/28 02:29:41,"2,900",-,-,-,-,-,支払い,Zerro,PayPay残高,-,-,04809062692517560320
2025/09/28 02:01:55,"8,275",-,-,-,-,-,送った金額,健志郎,PayPay残高,-,-,02097900093758414854
2025/09/27 22:55:35,"5,000",-,-,-,-,-,送った金額,樹生,PayPay残高,-,-,02097804058290061316
2025/09/27 20:47:31,"1,160",-,-,-,-,-,支払い,ローソン - 日本橋三丁目交差点東,PayPay残高,-,-,04808886332570525697
2025/09/27 20:47:30,-,5,-,-,-,-,ポイント、残高の獲得,ローソン,PayPayポイント,-,-,04808886332570525697
2025/09/27 02:07:30,-,16,-,-,-,-,ポイント、残高の獲得,Uber Eats,PayPayポイント,-,-,04808286059350712325
2025/09/27 01:22:50,"3,298",-,-,-,-,-,支払い,Uber Eats,PayPay残高,-,-,04808286059350712325
2025/09/26 14:13:44,230,-,-,-,-,-,支払い,デイリーヤマザキ - 淀川西中島,"PayPayポイント (61円), PayPay残高 (169円)",-,-,04807941216426819585
2025/09/26 12:56:06,-,950,-,-,-,JP,受け取った金額,ゆりな,PayPay残高,-,-,02096752916583874561
2025/09/25 12:11:29,-,"50,000",-,-,-,-,チャージ,PayPay,セブン銀行ATM,-,-,02095987750977789968
2025/09/15 18:42:19,-,10,-,-,-,-,ポイント、残高の獲得,EXPO2025,PayPayポイント,-,-,04799915769383100418
2025/09/15 18:42:19,"2,050",-,-,-,-,-,支払い,EXPO2025 - EXPO2025,PayPay残高,-,-,04799915769383100418
2025/09/15 18:18:10,-,3,-,-,-,-,ポイント、残高の獲得,EXPO2025,PayPayポイント,-,-,04799903322567688192
2025/09/15 18:18:10,700,-,-,-,-,-,支払い,EXPO2025 - EXPO2025,"PayPayポイント (13円), PayPay残高 (687円)",-,-,04799903322567688192
2025/09/15 00:02:26,-,3,-,-,-,-,ポイント、残高の獲得,吉野家,PayPayポイント,-,-,04799338577318289408
2025/09/15 00:02:26,715,-,-,-,-,-,支払い,吉野家 - なんばＣＩＴＹ南館店,PayPay残高,-,-,04799338577318289408
2025/09/14 20:42:34,-,7,-,-,-,-,ポイント、残高の獲得,EXPO2025,PayPayポイント,-,-,04799235575412195330
2025/09/14 20:42:34,"1,450",-,-,-,-,-,支払い,EXPO2025 - EXPO2025,PayPay残高,-,-,04799235575412195330
2025/09/14 17:34:21,-,10,-,-,-,-,ポイント、残高の獲得,EXPO2025／M,PayPayポイント,-,-,04799138569281273856
2025/09/14 17:34:21,"2,100",-,-,-,-,-,支払い,EXPO2025／M - EXPO2025／M,PayPay残高,-,-,04799138569281273856
2025/09/14 15:11:47,-,9,-,-,-,-,ポイント、残高の獲得,Uber Eats,PayPayポイント,-,-,04799065090981101568
2025/09/14 15:11:47,"1,847",-,-,-,-,-,支払い,Uber Eats,PayPay残高,-,-,04799065090981101568
2025/09/14 11:01:56,-,15,-,-,-,-,ポイント、残高の獲得,Uber Eats,PayPayポイント,-,-,04798913985441267717
2025/09/14 10:18:37,"3,117",-,-,-,-,-,支払い,Uber Eats,"PayPayポイント (8円), PayPay残高 (3,109円)",-,-,04798913985441267717
2025/09/13 17:36:06,458,-,-,-,-,-,支払い,ファミリーマート - 貝塚港北,PayPay残高,-,-,04798397292285468681
2025/09/13 17:36:06,-,2,-,-,-,-,ポイント、残高の獲得,ファミリーマート,PayPayポイント,-,-,04798397292285468681
2025/09/13 11:15:51,"1,000",-,-,-,-,-,支払い,ファミリーマート - 羽曳野誉田,PayPay残高,-,-,04798201321517899778
2025/09/13 11:15:51,-,5,-,-,-,-,ポイント、残高の獲得,ファミリーマート,PayPayポイント,-,-,04798201321517899778
2025/09/13 11:14:47,783,-,-,-,-,-,支払い,ファミリーマート - 羽曳野誉田,PayPay残高,-,-,04798200763172134915
2025/09/13 11:14:46,-,3,-,-,-,-,ポイント、残高の獲得,ファミリーマート,PayPayポイント,-,-,04798200763172134915
2025/09/13 09:55:48,287,-,-,-,-,-,支払い,なんばCITY - ＴＲＵＦＦＬＥ　ｍｉｎｉ,PayPay残高,-,-,04798160055472152583
2025/09/13 09:55:48,-,1,-,-,-,-,ポイント、残高の獲得,なんばCITY,PayPayポイント,-,-,04798160055472152583
2025/09/13 09:51:50,-,6,-,-,-,-,ポイント、残高の獲得,なんばCITY,PayPayポイント,-,-,04798158011067219974
2025/09/13 09:51:50,"1,305",-,-,-,-,-,支払い,なんばCITY - ベーカリー　カフェ　C,"PayPayポイント (3円), PayPay残高 (1,302円)",-,-,04798158011067219974
2025/09/11 23:06:46,-,10,-,-,-,-,ポイント、残高の獲得,Uber Eats,PayPayポイント,-,-,04797066840266407936
2025/09/11 22:34:40,"2,174",-,-,-,-,-,支払い,Uber Eats,PayPay残高,-,-,04797066840266407936
2025/09/11 21:01:02,-,34,-,-,-,-,ポイント、残高の獲得,ホワイティうめだ,PayPayポイント,-,-,04797018573424115718
2025/09/11 21:01:02,"6,809",-,-,-,-,-,支払い,ホワイティうめだ - ミアスタンド,"PayPayポイント (6円), PayPay残高 (6,803円)",-,-,04797018573424115718
2025/09/11 00:00:22,-,13,-,-,-,-,ポイント、残高の獲得,Uber Eats,PayPayポイント,-,-,04796340140389392385
2025/09/10 23:04:41,"2,770",-,-,-,-,-,支払い,Uber Eats,PayPay残高,-,-,04796340140389392385
2025/09/10 17:22:36,514,-,-,-,-,-,支払い,セブン-イレブン - 大阪西中島４丁目,PayPay残高,-,-,04796163823392407555
2025/09/10 17:22:35,-,2,-,-,-,-,ポイント、残高の獲得,セブン-イレブン,PayPayポイント,-,-,04796163823392407555
2025/09/10 08:51:44,-,5,-,-,-,-,ポイント、残高の獲得,なんばCITY,PayPayポイント,-,-,04795900533306531840
2025/09/10 08:51:44,"1,155",-,-,-,-,-,支払い,なんばCITY - ベーカリー　カフェ　C,PayPay残高,-,-,04795900533306531840
2025/09/09 23:56:11,-,6,-,-,-,-,ポイント、残高の獲得,Uber Eats,PayPayポイント,-,-,04795617847149887489
2025/09/09 23:43:16,"1,235",-,-,-,-,-,支払い,Uber Eats,"PayPayポイント (22円), PayPay残高 (1,213円)",-,-,04795617847149887489
2025/09/08 00:59:58,-,18,-,-,-,-,ポイント、残高の獲得,Uber Eats,PayPayポイント,-,-,04794154216781152257
2025/09/08 00:23:26,"3,680",-,-,-,-,-,支払い,Uber Eats,PayPay残高,-,-,04794154216781152257
2025/09/07 20:48:30,-,10,-,-,-,-,ポイント、残高の獲得,EXPO2025,PayPayポイント,-,-,04794043440985440258
2025/09/07 20:48:30,"2,000",-,-,-,-,-,支払い,EXPO2025 - EXPO2025,PayPay残高,-,-,04794043440985440258
2025/09/07 20:43:58,-,6,-,-,-,-,ポイント、残高の獲得,EXPO2025,PayPayポイント,-,-,04794041095932641284
2025/09/07 20:43:58,"1,250",-,-,-,-,-,支払い,EXPO2025 - EXPO2025,PayPay残高,-,-,04794041095932641284
2025/09/07 17:19:11,-,9,-,-,-,-,ポイント、残高の獲得,EXPO2025,PayPayポイント,-,-,04793935559996342273
2025/09/07 17:19:11,"2,106",-,-,-,-,-,支払い,EXPO2025 - EXPO2025,"PayPayポイント (118円), PayPay残高 (1,988円)",-,-,04793935559996342273
2025/09/07 14:46:14,-,"40,000",-,-,-,-,チャージ,PayPay,ローソン銀行ATM,-,-,02082708442240770084
2025/09/01 07:34:06,"1,500",-,-,-,-,-,期間限定ポイントの期限切れ,-,PayPayポイント,-,-,03918570905030451200
2025/08/19 18:43:04,-,4,-,-,-,-,ポイント、残高の獲得,ニトリ,PayPayポイント,-,-,04779877547912224776
2025/08/19 18:43:04,886,-,-,-,-,-,支払い,ニトリ - ニトリ心斎橋アメリカ村店,PayPay残高,-,-,04779877547912224776
2025/08/19 11:34:46,-,3,-,-,-,-,ポイント、残高の獲得,なんばCITY,PayPayポイント,-,-,04779656812363382785
2025/08/19 11:34:46,638,-,-,-,-,-,支払い,なんばCITY - ブルーブルーエ,"PayPayポイント (10円), PayPay残高 (628円)",-,-,04779656812363382785
2025/08/18 09:11:24,-,2,-,-,-,-,ポイント、残高の獲得,セブン-イレブン,PayPayポイント,-,-,04778840751395741697
2025/08/18 09:11:24,463,-,-,-,-,-,支払い,セブン-イレブン - 大阪西中島４丁目,"PayPayポイント (20円), PayPay残高 (443円)",-,-,04778840751395741697
2025/08/17 20:01:40,"3,075",-,-,-,-,-,支払い,ライフ - 下寺店,PayPay残高,-,-,04778433717345263618
2025/08/17 20:01:39,-,15,-,-,-,-,ポイント、残高の獲得,ライフ,PayPayポイント,-,-,04778433717345263618
2025/08/17 15:57:56,-,2,-,-,-,-,ポイント、残高の獲得,セブン-イレブン,PayPayポイント,-,-,04778308098142068745
2025/08/17 15:57:56,589,-,-,-,-,-,支払い,セブン-イレブン - 大阪日本橋３丁目,PayPay残高,-,-,04778308098142068745
2025/08/17 15:34:54,-,10,-,-,-,-,ポイント、残高の獲得,くら寿司,PayPayポイント,-,-,04778296235442823170
2025/08/17 15:34:54,"2,050",-,-,-,-,-,支払い,くら寿司 - なんば日本橋,PayPay残高,-,-,04778296235442823170
2025/08/17 13:34:53,-,15,-,-,-,-,ポイント、残高の獲得,Uber Eats,PayPayポイント,-,-,04778216125712752643
2025/08/17 12:59:29,"3,140",-,-,-,-,-,支払い,Uber Eats,"PayPayポイント (3円), PayPay残高 (3,137円)",-,-,04778216125712752643
2025/08/17 00:16:16,-,10,-,-,-,-,ポイント、残高の獲得,買取りまっくす,PayPayポイント,-,-,04777822766837538816
2025/08/17 00:16:16,"2,100",-,-,-,-,-,支払い,買取りまっくす - なんば店,PayPay残高,-,-,04777822766837538816
2025/08/16 13:29:49,-,13,-,-,-,-,ポイント、残高の獲得,Uber Eats,PayPayポイント,-,-,04777469119230271490
2025/08/16 12:50:06,"2,706",-,-,-,-,-,支払い,Uber Eats,"PayPayポイント (2円), PayPay残高 (2,704円)",-,-,04777469119230271490
2025/08/15 23:53:23,-,2,-,-,-,-,ポイント、残高の獲得,ファミリーマート,PayPayポイント,-,-,04777068811098251264
2025/08/15 23:53:23,580,-,-,-,-,-,支払い,ファミリーマート - ヨーロッパ通り,PayPay残高,-,-,04777068811098251264
2025/08/15 13:37:05,-,6,-,-,-,-,ポイント、残高の獲得,アスペルジュ,PayPayポイント,-,-,04776751172497555457
2025/08/15 13:37:05,"1,340",-,-,-,-,-,支払い,アスペルジュ - アスペルジュ,PayPay残高,-,-,04776751172497555457
2025/08/15 09:13:13,172,-,-,-,-,-,支払い,セブン-イレブン - 大阪西中島４丁目,"PayPayポイント (2円), PayPay残高 (170円)",-,-,04776615168062423047
2025/08/14 22:38:51,130,-,-,-,-,-,支払い,ローソン - ローソンストア100浪速日本橋,PayPay残高,-,-,04776288226562285569
2025/08/14 09:13:13,141,-,-,-,-,-,支払い,セブン-イレブン - 大阪西中島４丁目,PayPay残高,-,-,04775873006302625794
2025/08/13 16:13:32,-,2,-,-,-,-,ポイント、残高の獲得,デイリーヤマザキ,PayPayポイント,-,-,04775347465512738821
2025/08/13 16:13:32,570,-,-,-,-,-,支払い,デイリーヤマザキ - 淀川西中島,PayPay残高,-,-,04775347465512738821
2025/08/13 09:13:18,-,1,-,-,-,-,ポイント、残高の獲得,セブン-イレブン,PayPayポイント,-,-,04775130878901452801
2025/08/13 09:13:18,368,-,-,-,-,-,支払い,セブン-イレブン - 大阪西中島４丁目,"PayPayポイント (8円), PayPay残高 (360円)",-,-,04775130878901452801
2025/08/12 12:21:05,"1,330",-,-,-,-,-,支払い,なんばパークスシネマ - なんばパークスシネマ,"PayPayポイント (23円), PayPay残高 (1,307円)",-,-,04774485482755383299
2025/08/12 12:21:04,-,6,-,-,-,-,ポイント、残高の獲得,なんばパークスシネマ,PayPayポイント,-,-,04774485482755383299
2025/08/11 20:50:37,"60,000",-,-,-,-,-,送った金額,yota,PayPay残高,-,-,02062857644561317897
2025/08/11 20:37:48,-,"80,000",-,-,-,-,チャージ,PayPay,セブン銀行ATM,-,-,02062851038898905099
2025/08/10 17:03:10,-,6,-,-,-,-,ポイント、残高の獲得,なんばパークスシネマ,PayPayポイント,-,-,04773146535290634243
2025/08/10 17:03:10,"1,330",-,-,-,-,-,支払い,なんばパークスシネマ - なんばパークスシネマ,PayPay残高,-,-,04773146535290634243
2025/08/10 15:33:08,"3,058",-,-,-,-,-,支払い,なんばパークス - ポムの樹 ゴールド,PayPay残高,-,-,04773100123874099206
2025/08/10 15:33:07,-,15,-,-,-,-,ポイント、残高の獲得,なんばパークス,PayPayポイント,-,-,04773100123874099206
2025/08/10 10:32:33,333,-,-,-,-,-,支払い,ローソン - ローソンストア100浪速日本橋,PayPay残高,-,-,04772945204403806216
2025/08/10 10:32:32,-,1,-,-,-,-,ポイント、残高の獲得,ローソン,PayPayポイント,-,-,04772945204403806216
2025/08/10 09:57:18,117,-,-,-,-,-,支払い,ローソン - ローソンストア100浪速日本橋,"PayPayポイント (20円), PayPay残高 (97円)",-,-,04772927036691603462
2025/08/09 14:35:43,"3,630",-,-,-,-,-,支払い,グランスタ八重北 - 東京駅八重北食堂,"PayPayポイント (3円), PayPay残高 (3,627円)",-,-,04772328361200599046
2025/08/08 10:10:44,190,-,-,-,-,-,支払い,ファミリーマート - 神田駅北,"PayPayポイント (29円), PayPay残高 (161円)",-,-,04771449619481698308
2025/08/06 12:56:23,-,3,-,-,-,-,ポイント、残高の獲得,東京串焼倶楽部,PayPayポイント,-,-,04770050654141693957
2025/08/06 12:56:23,800,-,-,-,-,-,支払い,東京串焼倶楽部 - 神田店,"PayPayポイント (5円), PayPay残高 (795円)",-,-,04770050654141693957
2025/08/05 23:40:18,-,"6,800",-,-,-,JP,受け取った金額,れんや,PayPay残高,-,-,02058492085181063168
2025/08/05 21:11:14,-,600,-,-,-,JP,受け取った金額,れんや,PayPay残高,-,-,02058415256806572032
2025/08/05 20:59:25,-,"2,250",-,-,-,JP,受け取った金額,れんや,PayPay残高,-,-,02058409166541529089
2025/08/04 17:15:32,230,-,-,-,-,-,支払い,ファミリーマート - 神田駅北,PayPay残高,-,-,04768699886926241792
2025/08/04 17:15:32,-,1,-,-,-,-,ポイント、残高の獲得,ファミリーマート,PayPayポイント,-,-,04768699886926241792
2025/08/03 23:14:11,-,2,-,-,-,-,ポイント、残高の獲得,セブン-イレブン,PayPayポイント,-,-,04768142554789904388
2025/08/03 23:14:11,527,-,-,-,-,-,支払い,セブン-イレブン - 台東柳橋１丁目,"PayPayポイント (2円), PayPay残高 (525円)",-,-,04768142554789904388
2025/08/03 00:05:59,"4,000",-,-,-,-,-,送った金額,れんや,PayPay残高,-,-,02056278802633039876
2025/08/02 18:05:23,-,7,-,-,-,-,ポイント、残高の獲得,Uber Eats,PayPayポイント,-,-,04767234925121150978
2025/08/02 17:53:09,"1,496",-,-,-,-,-,支払い,Uber Eats,PayPay残高,-,-,04767234925121150978
2025/08/02 08:05:14,-,9,-,-,-,-,ポイント、残高の獲得,Uber Eats,PayPayポイント,-,-,04766921933673824257
2025/08/02 07:45:51,"1,922",-,-,-,-,-,支払い,Uber Eats,PayPay残高,-,-,04766921933673824257
2025/08/02 07:37:36,-,18,-,-,-,-,ポイント、残高の獲得,タクシー車内決済(GO),PayPayポイント,-,-,04766917681656102914
2025/08/02 07:37:36,"3,700",-,-,-,-,-,支払い,タクシー車内決済(GO) - リボン交通株式会社 本社営業所,"PayPayポイント (2円), PayPay残高 (3,698円)",-,-,04766917681656102914
2025/08/01 09:18:52,-,4,-,-,-,-,ポイント、残高の獲得,サンマルクカフェ,PayPayポイント,-,-,04766227703748616194
2025/08/01 09:18:52,900,-,-,-,-,-,支払い,サンマルクカフェ - サンマルクカフェ神田北口店,"PayPayポイント (5円), PayPay残高 (895円)",-,-,04766227703748616194
2025/08/01 01:19:59,-,12,-,-,-,-,ポイント、残高の獲得,Uber Eats,PayPayポイント,-,-,04765974292088242178
2025/08/01 01:07:11,"2,421",-,-,-,-,-,支払い,Uber Eats,PayPay残高,-,-,04765974292088242178
2025/07/31 09:17:44,290,-,-,-,-,-,支払い,ファミリーマート - 神田駅北口,"PayPayポイント (11円), PayPay残高 (279円)",-,-,04765484940690776072
2025/07/31 09:17:43,-,1,-,-,-,-,ポイント、残高の獲得,ファミリーマート,PayPayポイント,-,-,04765484940690776072
2025/07/30 11:44:33,-,4,-,-,-,-,ポイント、残高の獲得,ファミリーマート,PayPayポイント,-,-,04764818439074996230
2025/07/30 11:44:33,871,-,-,-,-,-,支払い,ファミリーマート - 神田駅北,PayPay残高,-,-,04764818439074996230
2025/07/30 09:19:22,158,-,-,-,-,-,支払い,ファミリーマート - 神田駅北口,PayPay残高,-,-,04764743620744798210
2025/07/30 01:27:20,"1,114",-,-,-,-,-,支払い,ファミリーマート - 東神田二丁目,PayPay残高,-,-,04764500328027832320
2025/07/30 01:27:19,-,5,-,-,-,-,ポイント、残高の獲得,ファミリーマート,PayPayポイント,-,-,04764500328027832320
2025/07/29 17:17:06,160,-,-,-,-,-,支払い,ファミリーマート - 神田駅北,PayPay残高,-,-,04764247663687974914
2025/07/29 12:41:33,-,3,-,-,-,-,ポイント、残高の獲得,磯浜魚業,PayPayポイント,-,-,04764105654889070593
2025/07/29 12:41:33,680,-,-,-,-,-,支払い,磯浜魚業 - テイクアウト２,PayPay残高,-,-,04764105654889070593
2025/07/29 09:16:45,-,1,-,-,-,-,ポイント、残高の獲得,ファミリーマート,PayPayポイント,-,-,04764000101773443078
2025/07/29 09:16:45,364,-,-,-,-,-,支払い,ファミリーマート - 神田駅北口,PayPay残高,-,-,04764000101773443078
2025/07/28 15:15:28,-,5,-,-,-,-,ポイント、残高の獲得,鳥良商店,PayPayポイント,-,-,04763442812586426369
2025/07/28 15:15:28,"1,124",-,-,-,-,-,支払い,鳥良商店 - 鳥良商店　神田西口店,"PayPayポイント (17円), PayPay残高 (1,107円)",-,-,04763442812586426369
2025/07/27 22:23:05,-,9,-,-,-,-,ポイント、残高の獲得,Uber Eats,PayPayポイント,-,-,04762904326766583809
2025/07/27 21:50:40,"1,913",-,-,-,-,-,支払い,Uber Eats,"PayPayポイント (19円), PayPay残高 (1,894円)",-,-,04762904326766583809
2025/07/26 02:40:14,-,"1,000",-,-,-,JP,受け取った金額,れんや,PayPay残高,-,-,02050420948277264384
2025/07/25 20:13:42,"1,200",-,-,-,-,-,送った金額,れんや,PayPay残高,-,-,02050221730513141764
2025/07/25 09:17:53,178,-,-,-,-,-,支払い,ファミリーマート - 神田駅北,"PayPayポイント (2円), PayPay残高 (176円)",-,-,04761031995904253956
2025/07/24 09:21:37,-,2,-,-,-,-,ポイント、残高の獲得,ファミリーマート,PayPayポイント,-,-,04760291758290059264
2025/07/24 09:21:37,464,-,-,-,-,-,支払い,ファミリーマート - 神田駅北口,"PayPayポイント (5円), PayPay残高 (459円)",-,-,04760291758290059264
2025/07/23 21:40:55,-,3,-,-,-,-,ポイント、残高の獲得,ファミリーマート,PayPayポイント,-,-,04759930611667714050
2025/07/23 21:40:55,767,-,-,-,-,-,支払い,ファミリーマート - 台東柳橋一丁目,PayPay残高,-,-,04759930611667714050
2025/07/23 13:13:38,-,4,-,-,-,-,ポイント、残高の獲得,魚匠屋,PayPayポイント,-,-,04759669168419004418
2025/07/23 13:13:38,"1,000",-,-,-,-,-,支払い,魚匠屋 - 魚匠屋　神田本店,"PayPayポイント (4円), PayPay残高 (996円)",-,-,04759669168419004418
2025/07/22 12:53:58,-,2,-,-,-,-,ポイント、残高の獲得,ファミリーマート,PayPayポイント,-,-,04758916853354717188
2025/07/22 12:53:58,422,-,-,-,-,-,支払い,ファミリーマート - 神田駅北,PayPay残高,-,-,04758916853354717188
2025/07/22 12:47:53,-,4,-,-,-,-,ポイント、残高の獲得,東京串焼倶楽部,PayPayポイント,-,-,04758913726618755074
2025/07/22 12:47:53,880,-,-,-,-,-,支払い,東京串焼倶楽部 - 神田店,PayPay残高,-,-,04758913726618755074
2025/07/22 09:18:44,141,-,-,-,-,-,支払い,ファミリーマート - 神田駅北,PayPay残高,-,-,04758805931529183235
2025/07/21 18:26:24,-,6,-,-,-,-,ポイント、残高の獲得,ピットデザイン,PayPayポイント,-,-,04758346017841160198
2025/07/21 18:26:24,"1,350",-,-,-,-,-,支払い,ピットデザイン - ピットデザイン東京スカイツリータウン駐車場,PayPay残高,-,-,04758346017841160198
2025/07/21 14:54:51,-,4,-,-,-,-,ポイント、残高の獲得,ファミリーマート,PayPayポイント,-,-,04758236985801670665
2025/07/21 14:54:51,963,-,-,-,-,-,支払い,ファミリーマート - 音羽一丁目,"PayPayポイント (13円), PayPay残高 (950円)",-,-,04758236985801670665
2025/07/21 00:03:30,"1,862",-,-,-,-,-,支払い,ファミリーマート - 台東柳橋一丁目,PayPay残高,-,-,04757777587509878786
2025/07/21 00:03:29,-,9,-,-,-,-,ポイント、残高の獲得,ファミリーマート,PayPayポイント,-,-,04757777587509878786
2025/07/20 23:44:13,-,"30,000",-,-,-,-,チャージ,PayPay,セブン銀行ATM,-,-,02046619369639600132
2025/07/20 11:36:00,"2,057",-,-,-,-,-,支払い,吉野家 - 吉野家浅草橋駅東口,"PayPayポイント (21円), PayPay残高 (2,036円)",-,-,04757392328943165443
2025/07/20 11:35:59,-,10,-,-,-,-,ポイント、残高の獲得,吉野家,PayPayポイント,-,-,04757392328943165443
2025/07/19 14:59:34,-,2,-,-,-,-,ポイント、残高の獲得,上野動物園,PayPayポイント,-,-,04756755084645302274
2025/07/19 14:59:34,400,-,-,-,-,-,支払い,上野動物園 - さるやまキッチン,PayPay残高,-,-,04756755084645302274
2025/07/19 12:59:05,-,6,-,-,-,-,ポイント、残高の獲得,上野動物園,PayPayポイント,-,-,04756692988008169475
2025/07/19 12:59:05,"1,200",-,-,-,-,-,支払い,上野動物園 - 上野動物園案内係,PayPay残高,-,-,04756692988008169475
2025/07/19 09:30:27,-,12,-,-,-,-,ポイント、残高の獲得,モスバーガー,PayPayポイント,-,-,04756585459207077890
2025/07/19 09:30:27,"2,590",-,-,-,-,-,支払い,モスバーガー - モスバーガー浅草橋駅前店,"PayPayポイント (11円), PayPay残高 (2,579円)",-,-,04756585459207077890
2025/07/18 16:34:22,-,1,-,-,-,-,ポイント、残高の獲得,ファミリーマート,PayPayポイント,-,-,04756061765254561798
2025/07/18 16:34:22,313,-,-,-,-,-,支払い,ファミリーマート - 神田駅北,PayPay残高,-,-,04756061765254561798
2025/07/18 09:19:54,484,-,-,-,-,-,支払い,ファミリーマート - 神田駅北,"PayPayポイント (12円), PayPay残高 (472円)",-,-,04755837842839805957
2025/07/18 09:19:54,-,2,-,-,-,-,ポイント、残高の獲得,ファミリーマート,PayPayポイント,-,-,04755837842839805957
2025/07/17 14:45:54,-,2,-,-,-,-,ポイント、残高の獲得,ファミリーマート,PayPayポイント,-,-,04755263700200087554
2025/07/17 14:45:54,538,-,-,-,-,-,支払い,ファミリーマート - 神田駅北,"PayPayポイント (12円), PayPay残高 (526円)",-,-,04755263700200087554
2025/07/16 09:15:53,-,2,-,-,-,-,ポイント、残高の獲得,セブン-イレブン,PayPayポイント,-,-,04754351440556326912
2025/07/16 09:15:53,509,-,-,-,-,-,支払い,セブン-イレブン - 神田駅南口,"PayPayポイント (12円), PayPay残高 (497円)",-,-,04754351440556326912
2025/07/15 18:20:52,130,-,-,-,-,-,支払い,ファミリーマート - 佐原四丁目,PayPay残高,-,-,04753890152477851649
2025/07/15 09:15:42,141,-,-,-,-,-,支払い,ファミリーマート - 神田駅北,PayPay残高,-,-,04753609175718387713
2025/07/14 16:06:05,451,-,-,-,-,-,支払い,ファミリーマート - 神田駅北,PayPay残高,-,-,04753078506738827264
2025/07/14 16:06:04,-,2,-,-,-,-,ポイント、残高の獲得,ファミリーマート,PayPayポイント,-,-,04753078506738827264
2025/07/14 12:47:08,700,-,-,-,-,-,支払い,嘉徳園 - 嘉徳園,PayPay残高,-,-,04752975977279586306
2025/07/14 12:47:08,-,3,-,-,-,-,ポイント、残高の獲得,嘉徳園,PayPayポイント,-,-,04752975977279586306
2025/07/14 09:09:21,653,-,-,-,-,-,支払い,ファミリーマート - 神田駅北口,PayPay残高,-,-,04752863724012707845
2025/07/14 09:09:20,-,3,-,-,-,-,ポイント、残高の獲得,ファミリーマート,PayPayポイント,-,-,04752863724012707845
2025/07/13 21:39:35,129,-,-,-,-,-,支払い,セブン-イレブン - 台東柳橋１丁目,PayPay残高,-,-,04752508229570527232
2025/07/13 21:38:15,"26,380",-,-,-,-,-,送った金額,yota,PayPay残高,-,-,02041359263062654976
2025/07/13 21:37:19,-,"30,000",-,-,-,-,チャージ,PayPay,セブン銀行ATM,-,-,02041358782026326028
2025/07/13 16:14:38,-,5,-,-,-,-,ポイント、残高の獲得,Uber Eats,PayPayポイント,-,-,04752334936228732929
2025/07/13 16:03:21,"1,138",-,-,-,-,-,支払い,Uber Eats,PayPay残高,-,-,04752334936228732929
2025/07/13 16:00:30,-,7,-,-,-,-,ポイント、残高の獲得,Uber Eats,PayPayポイント,-,-,04752327110799294465
2025/07/13 15:48:11,"1,417",-,-,-,-,-,支払い,Uber Eats,PayPay残高,-,-,04752327110799294465
2025/07/13 01:50:50,"14,000",-,-,-,-,-,送った金額,yota,PayPay残高,-,-,02040747264582459400
2025/07/12 14:01:59,-,11,-,-,-,-,ポイント、残高の獲得,café STUDIO,PayPayポイント,-,-,04751530205388349448
2025/07/12 14:01:59,"2,365",-,-,-,-,-,支払い,café STUDIO - 原宿店,PayPay残高,-,-,04751530205388349448
2025/07/11 22:10:13,-,17,-,-,-,-,ポイント、残高の獲得,Uber Eats,PayPayポイント,-,-,04751030683512012800
2025/07/11 21:52:46,"3,405",-,-,-,-,-,支払い,Uber Eats,PayPay残高,-,-,04751030683512012800
2025/07/11 12:21:09,-,3,-,-,-,-,ポイント、残高の獲得,ファミリーマート,PayPayポイント,-,-,04750736065933729802
2025/07/11 12:21:09,706,-,-,-,-,-,支払い,ファミリーマート - 神田駅北,PayPay残高,-,-,04750736065933729802
2025/07/10 15:51:59,-,1,-,-,-,-,ポイント、残高の獲得,ファミリーマート,PayPayポイント,-,-,04750102566848430080
2025/07/10 15:51:59,230,-,-,-,-,-,支払い,ファミリーマート - 神田駅北,PayPay残高,-,-,04750102566848430080
2025/07/10 15:17:44,-,1,-,-,-,-,ポイント、残高の獲得,和菓子はしもと,PayPayポイント,-,-,04750084914530992129
2025/07/10 15:17:44,250,-,-,-,-,-,支払い,和菓子はしもと - 店舗2,PayPay残高,-,-,04750084914530992129
2025/07/10 14:40:32,-,"1,500",-,-,-,-,ポイント、残高の獲得,Yahoo!ショッピング,PayPayポイント,-,-,lp-102895974642327552-c_e253cee2-2439-463b-8ab0-3727b9ca8730_sppf
2025/07/10 08:58:08,328,-,-,-,-,-,支払い,セブン-イレブン - 台東柳橋１丁目,PayPay残高,-,-,04749889270182043649
2025/07/10 08:58:08,-,1,-,-,-,-,ポイント、残高の獲得,セブン-イレブン,PayPayポイント,-,-,04749889270182043649
2025/07/09 22:18:41,-,5,-,-,-,-,ポイント、残高の獲得,マルマンストア,PayPayポイント,-,-,04749559700160626688
2025/07/09 22:18:41,"1,197",-,-,-,-,-,支払い,マルマンストア - マルマンストア　日本橋馬喰町店,PayPay残高,-,-,04749559700160626688
2025/07/09 22:02:58,-,1,-,-,-,-,ポイント、残高の獲得,ファミリーマート,PayPayポイント,-,-,04749551591263485955
2025/07/09 22:02:58,337,-,-,-,-,-,支払い,ファミリーマート - 東神田二丁目,PayPay残高,-,-,04749551591263485955
2025/07/09 17:04:51,-,1,-,-,-,-,ポイント、残高の獲得,ファミリーマート,PayPayポイント,-,-,04749397951694127110
2025/07/09 17:04:51,213,-,-,-,-,-,支払い,ファミリーマート - 神田駅北,PayPay残高,-,-,04749397951694127110
2025/07/09 13:42:59,-,4,-,-,-,-,ポイント、残高の獲得,東京串焼倶楽部,PayPayポイント,-,-,04749293901816012808
2025/07/09 13:42:59,800,-,-,-,-,-,支払い,東京串焼倶楽部 - 神田店,PayPay残高,-,-,04749293901816012808
2025/07/09 09:09:04,463,-,-,-,-,-,支払い,セブン-イレブン - 神田駅南口,PayPay残高,-,-,04749152726241034240
2025/07/09 09:09:03,-,2,-,-,-,-,ポイント、残高の獲得,セブン-イレブン,PayPayポイント,-,-,04749152726241034240
2025/07/08 22:57:37,-,10,-,-,-,-,ポイント、残高の獲得,双麺浅草橋店,PayPayポイント,-,-,04748837595899969536
2025/07/08 22:57:37,"2,140",-,-,-,-,-,支払い,双麺浅草橋店 - 双麺浅草橋店,PayPay残高,-,-,04748837595899969536
2025/07/08 17:41:37,-,1,-,-,-,-,ポイント、残高の獲得,ファミリーマート,PayPayポイント,-,-,04748674730739064833
2025/07/08 17:41:37,260,-,-,-,-,-,支払い,ファミリーマート - 神田駅北,PayPay残高,-,-,04748674730739064833
2025/07/08 02:15:59,-,5,-,-,-,-,ポイント、残高の獲得,ＬＩＮＥ　ＥＣ,PayPayポイント,-,-,04748153201451835392
2025/07/08 00:49:44,"1,000",-,-,-,-,-,支払い,ＬＩＮＥ　ＥＣ,PayPay残高,-,-,04748153201451835392
2025/07/07 12:24:38,-,5,-,-,-,-,ポイント、残高の獲得,魚匠屋,PayPayポイント,-,-,04747769188424753153
2025/07/07 12:24:38,"1,000",-,-,-,-,-,支払い,魚匠屋 - 魚匠屋　神田本店,PayPay残高,-,-,04747769188424753153
2025/07/07 09:10:41,118,-,-,-,-,-,支払い,セブン-イレブン - 神田駅南口,PayPay残高,-,-,04747669218766749701
2025/07/07 00:01:30,-,"38,000",-,-,-,-,チャージ,PayPay,セブン銀行ATM,-,-,02036237892520640516
2025/07/04 15:37:17,-,2,-,-,-,-,ポイント、残高の獲得,セブン-イレブン,PayPayポイント,-,-,04745641968433119233
2025/07/04 15:37:17,452,-,-,-,-,-,支払い,セブン-イレブン - 大阪西中島４丁目,PayPay残高,-,-,04745641968433119233
2025/07/04 13:01:05,127,-,-,-,-,-,支払い,デイリーヤマザキ - 淀川西中島,PayPay残高,-,-,04745561463565434881
2025/07/03 12:17:48,-,2,-,-,-,-,ポイント、残高の獲得,ニコニコ本舗,PayPayポイント,-,-,04744796976566280197
2025/07/03 12:17:48,500,-,-,-,-,-,支払い,ニコニコ本舗 - 西中島店,PayPay残高,-,-,04744796976566280197
2025/07/02 15:55:24,-,4,-,-,-,-,ポイント、残高の獲得,匠,PayPayポイント,-,-,04744166956400836615
2025/07/02 15:55:24,995,-,-,-,-,-,支払い,匠 - TAKUMEAT　STORE,PayPay残高,-,-,04744166956400836615
2025/07/02 09:21:37,-,1,-,-,-,-,ポイント、残高の獲得,セブン-イレブン,PayPayポイント,-,-,04743964010605805569
2025/07/02 09:21:37,355,-,-,-,-,-,支払い,セブン-イレブン - 大阪西中島４丁目,PayPay残高,-,-,04743964010605805569
2025/07/01 11:22:01,-,11,-,-,-,-,ポイント、残高の獲得,Uber Eats,PayPayポイント,-,-,04743268990408523776
2025/07/01 10:53:07,"2,310",-,-,-,-,-,支払い,Uber Eats,PayPay残高,-,-,04743268990408523776
2025/06/29 19:24:00,162,-,-,-,-,-,支払い,セブン-イレブン - 富田林西板持,PayPay残高,-,-,04742047956976418818
2025/06/28 18:50:53,-,9,-,-,-,-,ポイント、残高の獲得,マクドナルド,PayPayポイント,-,-,04741288727017799684
2025/06/28 18:50:53,"1,840",-,-,-,-,-,支払い,マクドナルド - マクドナルド狭山岩室店,PayPay残高,-,-,04741288727017799684
2025/06/28 10:19:48,-,8,-,-,-,-,ポイント、残高の獲得,ローソン,PayPayポイント,-,-,04741025316673519618
2025/06/28 10:19:48,"1,701",-,-,-,-,-,支払い,ローソン - 柏原石川町,PayPay残高,-,-,04741025316673519618
2025/06/28 02:55:46,152,-,-,-,-,-,支払い,ローソン - ローソンストア100浪速日本橋,PayPay残高,-,-,04740796463635857408
2025/06/27 11:54:19,-,7,-,-,-,-,ポイント、残高の獲得,フジオフードシステム,PayPayポイント,-,-,04740331859843620864
2025/06/27 11:54:19,"1,500",-,-,-,-,-,支払い,フジオフードシステム - フジオ軒　南森町店,PayPay残高,-,-,04740331859843620864
2025/06/27 11:10:55,149,-,-,-,-,-,支払い,セブン-イレブン - 大阪東天満２丁目,PayPay残高,-,-,04740309483063779333
2025/06/26 23:44:47,129,-,-,-,-,-,支払い,セブン-イレブン - 大阪日本橋３丁目,PayPay残高,-,-,04739955852636725251
2025/06/26 23:44:02,166,-,-,-,-,-,支払い,セブン-イレブン - 大阪日本橋３丁目,PayPay残高,-,-,04739955474679275522
2025/06/26 17:17:48,-,1,-,-,-,-,ポイント、残高の獲得,ファミリーマート,PayPayポイント,-,-,04739756402945327110
2025/06/26 17:17:48,254,-,-,-,-,-,支払い,ファミリーマート - アイランドセンター駅東,PayPay残高,-,-,04739756402945327110
2025/06/26 14:19:18,-,4,-,-,-,-,ポイント、残高の獲得,匠,PayPayポイント,-,-,04739664413335289856
2025/06/26 14:19:18,995,-,-,-,-,-,支払い,匠 - TAKUMEAT　STORE,PayPay残高,-,-,04739664413335289856
2025/06/26 09:07:15,5,-,-,-,-,-,支払い,ファミリーマート - 地下鉄南方駅前,PayPay残高,-,-,04739503575400521729
2025/06/26 09:07:00,-,7,-,-,-,-,ポイント、残高の獲得,ファミリーマート,PayPayポイント,-,-,04739503455141167108
2025/06/26 09:07:00,"1,534",-,-,-,-,-,支払い,ファミリーマート - 地下鉄南方駅前,PayPay残高,-,-,04739503455141167108
2025/06/25 19:21:59,595,-,-,-,-,-,支払い,JR-PLUS - ＪＲ-ＰＬＵＳ東京デリカステーション８１５,PayPay残高,-,-,04739078236196651018
2025/06/25 19:21:59,-,2,-,-,-,-,ポイント、残高の獲得,JR-PLUS,PayPayポイント,-,-,04739078236196651018
2025/06/24 12:43:12,-,3,-,-,-,-,ポイント、残高の獲得,磯浜魚業,PayPayポイント,-,-,04738130543072632834
2025/06/24 12:43:12,650,-,-,-,-,-,支払い,磯浜魚業 - テイクアウト２,PayPay残高,-,-,04738130543072632834
2025/06/24 09:09:14,549,-,-,-,-,-,支払い,セブン-イレブン - 神田駅南口,"PayPayポイント (7円), PayPay残高 (542円)",-,-,04738020256901627912
2025/06/24 09:09:14,-,2,-,-,-,-,ポイント、残高の獲得,セブン-イレブン,PayPayポイント,-,-,04738020256901627912
2025/06/23 21:13:10,-,4,-,-,-,-,ポイント、残高の獲得,すき家,PayPayポイント,-,-,04737651207542136832
2025/06/23 21:13:10,970,-,-,-,-,-,支払い,すき家 - 浅草橋駅前店,"PayPayポイント (25円), PayPay残高 (945円)",-,-,04737651207542136832
2025/06/23 09:20:00,"1,000",-,-,-,-,-,送った金額,🐼,PayPay残高,-,-,02026135364932845568
2025/06/22 15:46:11,"9,000",-,-,-,-,-,送った金額,れんや,PayPay残高,-,-,02025592231958528017
2025/06/21 23:11:46,-,10,-,-,-,-,ポイント、残高の獲得,双麺浅草橋店,PayPayポイント,-,-,04736227984228802563
2025/06/21 23:11:46,"2,060",-,-,-,-,-,支払い,双麺浅草橋店 - 双麺浅草橋店,PayPay残高,-,-,04736227984228802563
2025/06/21 08:11:02,-,3,-,-,-,-,ポイント、残高の獲得,セブン-イレブン,PayPayポイント,-,-,04735763758393720834
2025/06/21 08:11:02,671,-,-,-,-,-,支払い,セブン-イレブン - 和光新倉８丁目,"PayPayポイント (9円), PayPay残高 (662円)",-,-,04735763758393720834
2025/06/20 21:06:15,-,17,-,-,-,-,ポイント、残高の獲得,Uber Eats,PayPayポイント,-,-,04735411656974876673
2025/06/20 20:47:53,"3,405",-,-,-,-,-,支払い,Uber Eats,PayPay残高,-,-,04735411656974876673
2025/06/20 17:32:46,520,-,-,-,-,-,支払い,ファミリーマート - 神田駅北,PayPay残高,-,-,04735311103200550913
2025/06/20 17:32:46,-,2,-,-,-,-,ポイント、残高の獲得,ファミリーマート,PayPayポイント,-,-,04735311103200550913
2025/06/20 09:07:41,-,2,-,-,-,-,ポイント、残高の獲得,セブン-イレブン,PayPayポイント,-,-,04735050785232896000
2025/06/20 09:07:41,520,-,-,-,-,-,支払い,セブン-イレブン - 神田駅南口,"PayPayポイント (4円), PayPay残高 (516円)",-,-,04735050785232896000
2025/06/19 22:27:42,580,-,-,-,-,-,支払い,ファミリーマート - 東神田二丁目,PayPay残高,-,-,04734720931744391173
2025/06/19 22:27:42,-,2,-,-,-,-,ポイント、残高の獲得,ファミリーマート,PayPayポイント,-,-,04734720931744391173
2025/06/19 22:17:05,"2,980",-,-,-,-,-,送った金額,yota,PayPay残高,-,-,02023567189238235136
2025/06/19 14:54:47,-,8,-,-,-,-,ポイント、残高の獲得,牛たん とろろ 麦めし ねぎし,PayPayポイント,-,-,04734487500271919105
2025/06/19 14:54:47,"1,600",-,-,-,-,-,支払い,牛たん とろろ 麦めし ねぎし - ねぎし　京王フレンテ店,PayPay残高,-,-,04734487500271919105
2025/06/19 12:51:58,149,-,-,-,-,-,支払い,ローソン - 新宿大久保二丁目,PayPay残高,-,-,04734424209633959948
2025/06/19 09:09:07,-,1,-,-,-,-,ポイント、残高の獲得,ファミリーマート,PayPayポイント,-,-,04734309353618251777
2025/06/19 09:09:07,300,-,-,-,-,-,支払い,ファミリーマート - 神田駅北口,"PayPayポイント (13円), PayPay残高 (287円)",-,-,04734309353618251777
2025/06/18 22:20:54,-,5,-,-,-,-,ポイント、残高の獲得,しんぱち食堂　神田北口店,PayPayポイント,-,-,04733975256699797506
2025/06/18 22:20:54,"1,133",-,-,-,-,-,支払い,しんぱち食堂　神田北口店 - しんぱち食堂　神田北口店,PayPay残高,-,-,04733975256699797506
2025/06/18 12:47:11,-,5,-,-,-,-,ポイント、残高の獲得,くまめん,PayPayポイント,-,-,04733679573971992578
2025/06/18 12:47:11,"1,050",-,-,-,-,-,支払い,くまめん - 神田店,PayPay残高,-,-,04733679573971992578
2025/06/18 08:55:03,550,-,-,-,-,-,支払い,エクセルシオールカフェ - エクセルシオールカフェ神田北口店,"PayPayポイント (23円), PayPay残高 (527円)",-,-,04733559924773249024
2025/06/18 08:55:02,-,2,-,-,-,-,ポイント、残高の獲得,エクセルシオールカフェ,PayPayポイント,-,-,04733559924773249024
2025/06/17 22:04:13,200,-,-,-,-,-,支払い,ファミリーマート - 台東柳橋一丁目,PayPay残高,-,-,04733224487826235395
2025/06/17 22:04:13,-,1,-,-,-,-,ポイント、残高の獲得,ファミリーマート,PayPayポイント,-,-,04733224487826235395
2025/06/17 12:44:13,-,3,-,-,-,-,ポイント、残高の獲得,磯浜魚業,PayPayポイント,-,-,04732935866024509457
2025/06/17 12:44:13,600,-,-,-,-,-,支払い,磯浜魚業 - テイクアウト２,PayPay残高,-,-,04732935866024509457
2025/06/17 09:10:06,-,1,-,-,-,-,ポイント、残高の獲得,ファミリーマート,PayPayポイント,-,-,04732825511135191041
2025/06/17 09:10:06,315,-,-,-,-,-,支払い,ファミリーマート - 神田駅北口,"PayPayポイント (31円), PayPay残高 (284円)",-,-,04732825511135191041
2025/06/17 07:55:54,"4,000",-,-,-,-,-,送った金額,れんや,PayPay残高,-,-,02021638998029746176
2025/06/17 00:28:47,-,7,-,-,-,-,ポイント、残高の獲得,セブン-イレブン,PayPayポイント,-,-,04732556826570891268
2025/06/17 00:28:47,"1,559",-,-,-,-,-,支払い,セブン-イレブン - 世田谷千歳台２丁目,PayPay残高,-,-,04732556826570891268
2025/06/16 23:23:29,-,5,-,-,-,-,ポイント、残高の獲得,らーめんにんにくや　堀之内店,PayPayポイント,-,-,04732523179797364736
2025/06/16 23:23:29,"1,000",-,-,-,-,-,支払い,らーめんにんにくや　堀之内店 - らーめんにんにくや　堀之内店,PayPay残高,-,-,04732523179797364736
2025/06/16 23:22:49,"1,000",-,-,-,-,-,支払い,らーめんにんにくや　堀之内店 - らーめんにんにくや　堀之内店,PayPay残高,-,-,04732522827609702402
2025/06/16 23:22:48,-,5,-,-,-,-,ポイント、残高の獲得,らーめんにんにくや　堀之内店,PayPayポイント,-,-,04732522827609702402
2025/06/16 20:29:59,579,-,-,-,-,-,支払い,ローソン - 川崎生田八丁目,"PayPayポイント (103円), PayPay残高 (476円)",-,-,04732433749987819522
2025/06/16 20:29:58,-,2,-,-,-,-,ポイント、残高の獲得,ローソン,PayPayポイント,-,-,04732433749987819522
2025/06/16 19:53:31,-,"50,000",-,-,-,-,チャージ,PayPay,セブン銀行ATM,-,-,02021266684495028235
2025/06/01 04:15:08,"1,000",-,-,-,-,-,期間限定ポイントの期限切れ,-,PayPayポイント,-,-,03781806467549847563
2025/05/25 18:57:34,-,7,-,-,-,-,ポイント、残高の獲得,arde新大阪,PayPayポイント,-,-,04716058379709284356
2025/05/25 18:57:34,"1,485",-,-,-,-,-,支払い,arde新大阪 - にぎわい弁当,PayPay残高,-,-,04716058379709284356
2025/05/24 16:55:51,-,14,-,-,-,-,ポイント、残高の獲得,Uber Eats,PayPayポイント,-,-,04715239123287597061
2025/05/24 16:28:01,"2,959",-,-,-,-,-,支払い,Uber Eats,PayPay残高,-,-,04715239123287597061
2025/05/24 03:39:19,-,11,-,-,-,-,ポイント、残高の獲得,Uber Eats,PayPayポイント,-,-,04714830165090615297
2025/05/24 03:14:32,"2,376",-,-,-,-,-,支払い,Uber Eats,PayPay残高,-,-,04714830165090615297
2025/05/22 22:17:58,-,9,-,-,-,-,ポイント、残高の獲得,Uber Eats,PayPayポイント,-,-,04713909882446946308
2025/05/22 21:28:57,"1,933",-,-,-,-,-,支払い,Uber Eats,PayPay残高,-,-,04713909882446946308
2025/05/21 08:56:33,998,-,-,-,-,-,支払い,ファミリーマート - 台東柳橋一丁目,PayPay残高,-,-,04712779928091156482
2025/05/21 08:56:32,-,4,-,-,-,-,ポイント、残高の獲得,ファミリーマート,PayPayポイント,-,-,04712779928091156482
2025/05/20 15:35:35,896,-,-,-,-,-,支払い,ファミリーマート - 神田駅北,PayPay残高,-,-,04712243417956294660
2025/05/20 15:35:34,-,4,-,-,-,-,ポイント、残高の獲得,ファミリーマート,PayPayポイント,-,-,04712243417956294660
2025/05/20 09:21:36,763,-,-,-,-,-,支払い,ファミリーマート - 神田駅北,PayPay残高,-,-,04712050668413984768
2025/05/20 09:21:35,-,3,-,-,-,-,ポイント、残高の獲得,ファミリーマート,PayPayポイント,-,-,04712050668413984768
2025/05/20 09:17:36,-,6,-,-,-,-,ポイント、残高の獲得,ｋｍグループ　織田タクシー,PayPayポイント,-,-,04712048615419322369
2025/05/20 09:17:36,"1,200",-,-,-,-,-,支払い,ｋｍグループ　織田タクシー - ｋｍグループ　織田タクシー,PayPay残高,-,-,04712048615419322369
2025/05/19 20:39:42,-,18,-,-,-,-,ポイント、残高の獲得,Uber Eats,PayPayポイント,-,-,04711643977960415238
2025/05/19 20:12:31,"3,791",-,-,-,-,-,支払い,Uber Eats,PayPay残高,-,-,04711643977960415238
2025/05/19 13:35:52,-,5,-,-,-,-,ポイント、残高の獲得,アントレスト,PayPayポイント,-,-,04711439546106691588
2025/05/19 13:35:52,"1,050",-,-,-,-,-,支払い,アントレスト - 魚串神田店,PayPay残高,-,-,04711439546106691588
2025/05/19 08:59:31,"1,130",-,-,-,-,-,支払い,スターバックス - スターバックスコーヒー神田駅南口店,PayPay残高,-,-,04711297124990926848
2025/05/18 23:32:00,"1,226",-,-,-,-,-,支払い,吉野家 - 吉野家浅草橋駅東口,PayPay残高,-,-,04711004620538290179
2025/05/18 23:31:59,-,6,-,-,-,-,ポイント、残高の獲得,吉野家,PayPayポイント,-,-,04711004620538290179
2025/05/18 19:29:05,"12,430",-,-,-,-,-,支払い,ルミネエスト - ルミネエスト店,PayPay残高,-,-,04710879422241939459
2025/05/18 16:58:44,-,25,-,-,-,-,ポイント、残高の獲得,お好み焼き・鉄板焼き　しらいわ,PayPayポイント,-,-,04710801932442099715
2025/05/18 16:58:44,"5,038",-,-,-,-,-,支払い,お好み焼き・鉄板焼き　しらいわ - 浅草店,PayPay残高,-,-,04710801932442099715
2025/05/17 02:39:03,-,5,-,-,-,-,ポイント、残高の獲得,ローソン,PayPayポイント,-,-,04709616684676685828
2025/05/17 02:39:03,"1,160",-,-,-,-,-,支払い,ローソン - シタディーンセントラル新宿,PayPay残高,-,-,04709616684676685828
2025/05/16 23:13:03,-,4,-,-,-,-,ポイント、残高の獲得,ファミリーマート,PayPayポイント,-,-,04709510513085087746
2025/05/16 23:13:03,950,-,-,-,-,-,支払い,ファミリーマート - 歌舞伎町セントラルロード,PayPay残高,-,-,04709510513085087746
2025/05/16 19:17:21,-,4,-,-,-,-,ポイント、残高の獲得,スギ薬局グループ,PayPayポイント,-,-,04709389042820407296
2025/05/16 19:17:21,877,-,-,-,-,-,支払い,スギ薬局グループ - スギドラッグ馬喰町店,PayPay残高,-,-,04709389042820407296
2025/05/16 17:44:29,170,-,-,-,-,-,支払い,ファミリーマート - 神田駅北,PayPay残高,-,-,04709341171114958865
2025/05/15 23:31:03,"10,000",-,-,-,-,-,送った金額,kor********,PayPay残高,-,-,01997629349156265984
2025/05/15 22:14:13,-,12,-,-,-,-,ポイント、残高の獲得,Uber Eats,PayPayポイント,-,-,04708716940565921792
2025/05/15 21:33:19,"2,538",-,-,-,-,-,支払い,Uber Eats,PayPay残高,-,-,04708716940565921792
2025/05/15 14:42:00,"1,660",-,-,-,-,-,支払い,麺屋武蔵 - 神田　麺屋武蔵　神山,PayPay残高,-,-,04708504949570551818
2025/05/15 14:41:59,-,8,-,-,-,-,ポイント、残高の獲得,麺屋武蔵,PayPayポイント,-,-,04708504949570551818
2025/05/15 09:13:37,260,-,-,-,-,-,支払い,スターバックス - スターバックスコーヒー神田駅南口店,PayPay残高,-,-,04708335710678695936
2025/05/14 19:57:04,"7,980",-,-,-,-,-,支払い,ユニクロ - ヨドバシAkiba店,PayPay残高,-,-,04707925163345780741
2025/05/14 19:57:03,-,39,-,-,-,-,ポイント、残高の獲得,ユニクロ,PayPayポイント,-,-,04707925163345780741
2025/05/14 09:18:35,-,3,-,-,-,-,ポイント、残高の獲得,吉野家,PayPayポイント,-,-,04707596091541807106
2025/05/14 09:18:35,666,-,-,-,-,-,支払い,吉野家 - ＪＲ神田駅店,PayPay残高,-,-,04707596091541807106
2025/05/14 00:18:25,-,24,-,-,-,-,ポイント、残高の獲得,富士薬品グループ,PayPayポイント,-,-,04707317691760975873
2025/05/14 00:18:25,"4,946",-,-,-,-,-,支払い,富士薬品グループ - ドラッグセイムス　墨田両国店,PayPay残高,-,-,04707317691760975873
2025/05/13 22:15:34,580,-,-,-,-,-,支払い,ファミリーマート - 浅草橋駅東口,PayPay残高,-,-,04707254375353868296
2025/05/13 22:15:34,-,2,-,-,-,-,ポイント、残高の獲得,ファミリーマート,PayPayポイント,-,-,04707254375353868296
2025/05/13 00:40:01,-,2,-,-,-,-,ポイント、残高の獲得,Uber One,PayPayポイント,-,-,04706586628198498304
2025/05/13 00:39:58,498,-,-,-,-,-,支払い,Uber One,"PayPayポイント (2円), PayPay残高 (496円)",-,-,04706586628198498304
2025/05/12 22:46:17,"4,000",-,-,-,-,-,送った金額,健志郎,PayPay残高,-,-,01995379765545484293
2025/05/12 22:45:54,"6,000",-,-,-,-,-,送った金額,シン,PayPay残高,-,-,01995379567976955911
2025/05/12 22:42:38,-,"80,000",-,-,-,-,チャージ,PayPay,セブン銀行ATM,-,-,01995377884349849600
2025/04/30 13:12:30,-,"1,000",-,-,-,-,ポイント、残高の獲得,Yahoo!ショッピング,PayPayポイント,-,-,lp-102895974642327552-c_653317d9-76fe-48ad-952d-a61b5ca5fb1c_sppf
2025/04/10 12:34:53,-,2,-,-,-,-,ポイント、残高の獲得,Uber One,PayPayポイント,-,-,04682463446159376387
2025/04/10 12:34:50,498,-,-,-,-,-,支払い,Uber One,"PayPayポイント (4円), PayPay残高 (494円)",-,-,04682463446159376387
2025/04/01 06:01:18,"1,000",-,-,-,-,-,期間限定ポイントの期限切れ,-,PayPayポイント,-,-,03691371120763150371
2025/03/10 12:34:53,-,2,-,-,-,-,ポイント、残高の獲得,Uber Eats,PayPayポイント,-,-,04659456165340512257
2025/03/10 12:34:49,498,-,-,-,-,-,支払い,Uber Eats,PayPay残高,-,-,04659456165340512257
2025/02/10 12:34:50,-,2,-,-,-,-,ポイント、残高の獲得,Uber Eats,PayPayポイント,-,-,04638675386977402880
2025/02/10 12:34:48,498,-,-,-,-,-,支払い,Uber Eats,"PayPayポイント (2円), PayPay残高 (496円)",-,-,04638675386977402880
2025/02/03 16:33:15,-,"1,000",-,-,-,-,ポイント、残高の獲得,Yahoo!ショッピング,PayPayポイント,-,-,lp-102895974642327552-c_9a41437e-f11c-4afc-81c7-94ac2646d261_sppf
2025/01/13 02:20:31,"3,750",-,-,-,-,-,送った金額,健志郎,PayPay残高,-,-,01906429725265567744
2025/01/13 02:20:06,"11,000",-,-,-,-,-,送った金額,マサナリ,PayPay残高,-,-,01906429510518038528
2025/01/13 02:15:52,-,"16,000",-,-,-,-,チャージ,PayPay,セブン銀行ATM,-,-,01906427337265389568
2025/01/10 12:34:53,-,2,-,-,-,-,ポイント、残高の獲得,Uber Eats,PayPayポイント,-,-,04615668114749849609
2025/01/10 12:34:50,498,-,-,-,-,-,支払い,Uber Eats,"PayPayポイント (2円), PayPay残高 (496円)",-,-,04615668114749849609