日付,種類,金額,カテゴリ,メモ
2024/12/03,収入,97568,その他,振込　ｼﾖｸｷﾞﾖｳｱﾝﾃｲｷ
2024/12/07,支出,50000,その他,郵便局　(9940-6010)
2024/12/07,支出,220,その他,手数料
2024/12/08,支出,20000,その他,郵便局　(9940-6010)
2024/12/08,支出,220,その他,手数料
2024/12/09,収入,80000,その他,カード　LANS-220267
2024/12/09,支出,220,その他,手数料
2024/12/09,支出,28500,その他,送金　IB ｶﾝﾄｳｱｲﾃｲｿ
2024/12/10,支出,1628,その他,水道　ｽｲﾄﾞｳ11ﾂｷﾌﾞﾝ
2024/12/10,支出,78045,その他,振替　Dｶ-ﾄﾞ
2024/12/18,収入,90000,その他,カード　ｾﾌﾞﾝ-1113520
2024/12/18,支出,220,その他,手数料
2024/12/20,支出,7406,その他,ガス　ｵｵｻｶｶﾞｽ(ｶ)
2024/12/21,収入,40000,その他,カード　LANS-252379
2024/12/21,支出,220,その他,手数料
2024/12/24,収入,128058,その他,振込　ｼﾖｸｷﾞﾖｳｱﾝﾃｲｷ
2024/12/27,支出,17283,その他,返済金　ﾆﾎﾝｶﾞｸｾｲｼｴﾝｷ
2024/12/27,支出,95310,その他,振替　ｴﾎﾟｽｶ-ﾄﾞ
2024/12/27,支出,90000,その他,郵便局　(9940-6010)
2024/12/27,支出,220,その他,手数料
2024/12/27,支出,20000,その他,送金　IB ｲﾊﾗ ｼﾖｳﾀﾛ
2024/12/27,支出,165,その他,手数料
2025/01/09,収入,100000,その他,カード　ｾﾌﾞﾝ-1113520
2025/01/09,支出,220,その他,手数料
2025/01/09,支出,28500,その他,送金　IB ｶﾝﾄｳｱｲﾃｲｿ
2025/01/10,収入,2,その他,ポイント、残高の獲得 / Uber Eats / PayPayポイント / - / -
2025/01/10,支出,498,その他,"支払い / Uber Eats / PayPayポイント (2円), PayPay残高 (496円) / - / -"
2025/01/10,支出,58704,その他,振替　Dｶ-ﾄﾞ
2025/01/11,支出,20000,その他,郵便局　(9940-6010)
2025/01/11,支出,220,その他,手数料
2025/01/13,支出,3750,その他,送った金額 / 健志郎 / PayPay残高 / - / -
2025/01/13,支出,11000,その他,送った金額 / マサナリ / PayPay残高 / - / -
2025/01/13,収入,260000,その他,カード　ｾﾌﾞﾝ-1113520
2025/01/13,支出,220,その他,手数料
2025/01/13,支出,166000,その他,送金　IB ｲﾊﾗ ｹﾞﾝｷ
2025/01/13,収入,15000,その他,郵便局　(9940-6010)
2025/01/14,支出,100000,その他,送金　IB ｻﾉ ﾕｳﾀﾞｲ
2025/01/15,支出,1628,その他,水道　ｽｲﾄﾞｳ12ﾂｷﾌﾞﾝ
2025/01/24,収入,5000,その他,カード　LANS-257786
2025/01/24,支出,220,その他,手数料
2025/01/26,収入,113000,その他,郵便局　(9940-6010)
2025/01/26,支出,220,その他,手数料
2025/01/27,支出,17283,その他,返済金　ﾆﾎﾝｶﾞｸｾｲｼｴﾝｷ
2025/01/27,支出,95310,その他,振替　ｴﾎﾟｽｶ-ﾄﾞ
2025/01/28,収入,73176,その他,振込　ｼﾖｸｷﾞﾖｳｱﾝﾃｲｷ
2025/01/29,支出,10000,その他,送金　IB ｲﾊﾗ ｼﾖｳﾀﾛ
2025/01/29,支出,165,その他,手数料
2025/01/30,支出,70000,その他,郵便局　(9940-6010)
2025/01/30,支出,220,その他,手数料
2025/01/30,収入,5000,その他,郵便局　(9940-6010)
2025/02/03,収入,1000,その他,ポイント、残高の獲得 / Yahoo!ショッピング / PayPayポイント / - / -
2025/02/03,支出,9543,その他,ガス　ｵｵｻｶｶﾞｽ(ｶ)
2025/02/06,収入,30000,その他,カード　ｾﾌﾞﾝ-1136204
2025/02/06,支出,220,その他,手数料
2025/02/06,支出,28500,その他,送金　IB ｶﾝﾄｳｱｲﾃｲｿ
2025/02/09,収入,174000,その他,郵便局　(9940-6010)
2025/02/09,支出,220,その他,手数料
2025/02/10,収入,2,その他,ポイント、残高の獲得 / Uber Eats / PayPayポイント / - / -
2025/02/10,支出,498,その他,"支払い / Uber Eats / PayPayポイント (2円), PayPay残高 (496円) / - / -"
2025/02/10,支出,171837,その他,振替　Dｶ-ﾄﾞ
2025/02/12,支出,1639,その他,水道　ｽｲﾄﾞｳ01ﾂｷﾌﾞﾝ
2025/02/15,収入,16,その他,利息　07-02-14ﾏﾃﾞ
2025/02/20,収入,15000,その他,郵便局　(9940-6010)
2025/02/20,支出,220,その他,手数料
2025/02/20,収入,134700,その他,振込　ANYPASS
2025/02/21,支出,14147,その他,ガス　ｵｵｻｶｶﾞｽ(ｶ)
2025/02/21,支出,130000,その他,送金　IB ﾌｼﾞｻﾜ ﾅﾁ
2025/02/25,支出,6000,その他,送金　IB ｲﾊﾗ ｼﾖｳﾀﾛ
2025/02/25,支出,165,その他,手数料
2025/02/26,収入,220000,その他,郵便局　(9940-6010)
2025/02/26,支出,220,その他,手数料
2025/02/27,支出,17283,その他,返済金　ﾆﾎﾝｶﾞｸｾｲｼｴﾝｷ
2025/02/27,支出,132810,その他,振替　ｴﾎﾟｽｶ-ﾄﾞ
2025/03/02,支出,50000,その他,カード　LANS-227330
2025/03/02,支出,220,その他,手数料
2025/03/07,支出,20000,その他,カード　LANS-220267
2025/03/07,支出,110,その他,手数料
2025/03/09,収入,140000,その他,カード　ENET-186650
2025/03/09,支出,220,その他,手数料
2025/03/09,支出,28500,その他,送金　IB ｶﾝﾄｳｱｲﾃｲｿ
2025/03/10,収入,2,その他,ポイント、残高の獲得 / Uber Eats / PayPayポイント / - / -
2025/03/10,支出,498,その他,支払い / Uber Eats / PayPay残高 / - / -
2025/03/10,支出,100267,その他,振替　Dｶ-ﾄﾞ
2025/03/11,支出,1639,その他,水道　ｽｲﾄﾞｳ02ﾂｷﾌﾞﾝ
2025/03/18,支出,8000,その他,郵便局　(9940-6010)
2025/03/18,支出,220,その他,手数料
2025/03/20,収入,47380,その他,振込　ANYPASS
2025/03/21,支出,47380,その他,送金　IB ﾌｼﾞｻﾜ ﾅﾁ
2025/03/23,収入,12000,その他,カード　LANS-227330
2025/03/23,支出,220,その他,手数料
2025/03/24,支出,11625,その他,ガス　ｵｵｻｶｶﾞｽ(ｶ)
2025/03/27,収入,100000,その他,カード　LANS-246807
2025/03/27,支出,110,その他,手数料
2025/03/27,支出,17283,その他,返済金　ﾆﾎﾝｶﾞｸｾｲｼｴﾝｷ
2025/03/27,収入,20000,その他,カード　LANS-246807
2025/03/27,支出,95310,その他,振替　ｴﾎﾟｽｶ-ﾄﾞ
2025/04/01,支出,1000,その他,期間限定ポイントの期限切れ / - / PayPayポイント / - / -
2025/04/03,支出,8000,その他,カード　ｾﾌﾞﾝ-1135295
2025/04/03,支出,220,その他,手数料
2025/04/08,収入,100000,その他,カード　LANS-227330
2025/04/08,支出,220,その他,手数料
2025/04/08,支出,28500,その他,送金　IB ｶﾝﾄｳｱｲﾃｲｿ
2025/04/09,支出,1617,その他,水道　ｽｲﾄﾞｳ03ﾂｷﾌﾞﾝ
2025/04/10,収入,2,その他,ポイント、残高の獲得 / Uber One / PayPayポイント / - / -
2025/04/10,支出,498,その他,"支払い / Uber One / PayPayポイント (4円), PayPay残高 (494円) / - / -"
2025/04/10,支出,63577,その他,振替　Dｶ-ﾄﾞ
2025/04/15,収入,233346,その他,振込　ﾅﾆﾜｾﾞｲﾑｼﾖ
2025/04/15,支出,100000,その他,送金　IB ｲﾊﾗ ｼﾖｳﾀﾛ
2025/04/15,支出,165,その他,手数料
2025/04/16,支出,20000,その他,送金　IB ﾏﾂﾓﾄ ﾘﾖｳｽ
2025/04/16,支出,165,その他,手数料
2025/04/16,支出,25000,その他,カード　ｾﾌﾞﾝ-1138497
2025/04/16,支出,220,その他,手数料
2025/04/17,支出,50000,その他,郵便局　(9940-6010)
2025/04/17,支出,220,その他,手数料
2025/04/18,支出,30000,その他,郵便局　(9940-6010)
2025/04/18,支出,220,その他,手数料
2025/04/20,支出,10000,その他,郵便局　(9940-6010)
2025/04/20,支出,220,その他,手数料
2025/04/21,収入,130000,その他,カード　ｾﾌﾞﾝ-1113520
2025/04/21,支出,220,その他,手数料
2025/04/22,支出,10943,その他,ガス　ｵｵｻｶｶﾞｽ(ｶ)
2025/04/23,支出,100000,その他,カード　ｾﾌﾞﾝ-1113520
2025/04/23,支出,220,その他,手数料
2025/04/26,収入,91000,その他,カード　LANS-220742
2025/04/26,支出,220,その他,手数料
2025/04/28,支出,17283,その他,返済金　ﾆﾎﾝｶﾞｸｾｲｼｴﾝｷ
2025/04/28,支出,95310,その他,振替　ｴﾎﾟｽｶ-ﾄﾞ
2025/04/30,収入,1000,その他,ポイント、残高の獲得 / Yahoo!ショッピング / PayPayポイント / - / -
2025/05/12,支出,4000,その他,送った金額 / 健志郎 / PayPay残高 / - / -
2025/05/12,支出,6000,その他,送った金額 / シン / PayPay残高 / - / -
2025/05/12,収入,80000,その他,カード　ｾﾌﾞﾝ-1113520
2025/05/12,支出,220,その他,手数料
2025/05/12,支出,28500,その他,送金　IB ｶﾝﾄｳｱｲﾃｲｿ
2025/05/12,支出,44444,その他,振替　Dｶ-ﾄﾞ
2025/05/12,支出,7000,その他,カード　ｾﾌﾞﾝ-1113520
2025/05/12,支出,110,その他,手数料
2025/05/12,収入,30000,その他,カード　ｾﾌﾞﾝ-1125127
2025/05/13,支出,580,その他,支払い / ファミリーマート - 浅草橋駅東口 / PayPay残高 / - / -
2025/05/13,収入,2,その他,ポイント、残高の獲得 / ファミリーマート / PayPayポイント / - / -
2025/05/13,収入,2,その他,ポイント、残高の獲得 / Uber One / PayPayポイント / - / -
2025/05/13,支出,498,その他,"支払い / Uber One / PayPayポイント (2円), PayPay残高 (496円) / - / -"
2025/05/13,支出,1639,その他,水道　ｽｲﾄﾞｳ04ﾂｷﾌﾞﾝ
2025/05/13,収入,450000,その他,カード　ｾﾌﾞﾝ-1113520
2025/05/13,支出,220,その他,手数料
2025/05/13,支出,26000,その他,送金　IB ｼﾞｹｲｶｲ
2025/05/13,支出,6500,その他,送金　IB ｼﾞｹｲｶｲ
2025/05/13,支出,4500,その他,送金　IB ｼﾞｹｲｶｲ
2025/05/14,支出,7980,その他,支払い / ユニクロ - ヨドバシAkiba店 / PayPay残高 / - / -
2025/05/14,収入,39,その他,ポイント、残高の獲得 / ユニクロ / PayPayポイント / - / -
2025/05/14,収入,3,その他,ポイント、残高の獲得 / 吉野家 / PayPayポイント / - / -
2025/05/14,支出,666,その他,支払い / 吉野家 - ＪＲ神田駅店 / PayPay残高 / - / -
2025/05/14,収入,24,その他,ポイント、残高の獲得 / 富士薬品グループ / PayPayポイント / - / -
2025/05/14,支出,4946,日用品,支払い / 富士薬品グループ - ドラッグセイムス　墨田両国店 / PayPay残高 / - / -
2025/05/15,支出,10000,その他,送った金額 / kor******** / PayPay残高 / - / -
2025/05/15,収入,12,その他,ポイント、残高の獲得 / Uber Eats / PayPayポイント / - / -
2025/05/15,支出,2538,その他,支払い / Uber Eats / PayPay残高 / - / -
2025/05/15,支出,1660,その他,支払い / 麺屋武蔵 - 神田　麺屋武蔵　神山 / PayPay残高 / - / -
2025/05/15,収入,8,その他,ポイント、残高の獲得 / 麺屋武蔵 / PayPayポイント / - / -
2025/05/15,支出,260,その他,支払い / スターバックス - スターバックスコーヒー神田駅南口店 / PayPay残高 / - / -
2025/05/15,支出,9400,その他,送金　IB ﾌｼﾞｻﾜ ﾅﾁ
2025/05/16,収入,4,その他,ポイント、残高の獲得 / ファミリーマート / PayPayポイント / - / -
2025/05/16,支出,950,その他,支払い / ファミリーマート - 歌舞伎町セントラルロード / PayPay残高 / - / -
2025/05/16,収入,4,その他,ポイント、残高の獲得 / スギ薬局グループ / PayPayポイント / - / -
2025/05/16,支出,877,日用品,支払い / スギ薬局グループ - スギドラッグ馬喰町店 / PayPay残高 / - / -
2025/05/16,支出,170,その他,支払い / ファミリーマート - 神田駅北 / PayPay残高 / - / -
2025/05/17,収入,5,その他,ポイント、残高の獲得 / ローソン / PayPayポイント / - / -
2025/05/17,支出,1160,食費,支払い / ローソン - シタディーンセントラル新宿 / PayPay残高 / - / -
2025/05/18,支出,1226,その他,支払い / 吉野家 - 吉野家浅草橋駅東口 / PayPay残高 / - / -
2025/05/18,収入,6,その他,ポイント、残高の獲得 / 吉野家 / PayPayポイント / - / -
2025/05/18,支出,12430,その他,支払い / ルミネエスト - ルミネエスト店 / PayPay残高 / - / -
2025/05/18,収入,25,その他,ポイント、残高の獲得 / お好み焼き・鉄板焼き　しらいわ / PayPayポイント / - / -
2025/05/18,支出,5038,その他,支払い / お好み焼き・鉄板焼き　しらいわ - 浅草店 / PayPay残高 / - / -
2025/05/19,収入,18,その他,ポイント、残高の獲得 / Uber Eats / PayPayポイント / - / -
2025/05/19,支出,3791,その他,支払い / Uber Eats / PayPay残高 / - / -
2025/05/19,収入,5,その他,ポイント、残高の獲得 / アントレスト / PayPayポイント / - / -
2025/05/19,支出,1050,その他,支払い / アントレスト - 魚串神田店 / PayPay残高 / - / -
2025/05/19,支出,1130,その他,支払い / スターバックス - スターバックスコーヒー神田駅南口店 / PayPay残高 / - / -
2025/05/20,支出,896,その他,支払い / ファミリーマート - 神田駅北 / PayPay残高 / - / -
2025/05/20,収入,4,その他,ポイント、残高の獲得 / ファミリーマート / PayPayポイント / - / -
2025/05/20,支出,763,その他,支払い / ファミリーマート - 神田駅北 / PayPay残高 / - / -
2025/05/20,収入,3,その他,ポイント、残高の獲得 / ファミリーマート / PayPayポイント / - / -
2025/05/20,収入,6,その他,ポイント、残高の獲得 / ｋｍグループ　織田タクシー / PayPayポイント / - / -
2025/05/20,支出,1200,交通費,支払い / ｋｍグループ　織田タクシー - ｋｍグループ　織田タクシー / PayPay残高 / - / -
2025/05/21,支出,998,その他,支払い / ファミリーマート - 台東柳橋一丁目 / PayPay残高 / - / -
2025/05/21,収入,4,その他,ポイント、残高の獲得 / ファミリーマート / PayPayポイント / - / -
2025/05/22,収入,9,その他,ポイント、残高の獲得 / Uber Eats / PayPayポイント / - / -
2025/05/22,支出,1933,その他,支払い / Uber Eats / PayPay残高 / - / -
2025/05/23,支出,7562,その他,ガス　ｵｵｻｶｶﾞｽ(ｶ)
2025/05/24,収入,14,その他,ポイント、残高の獲得 / Uber Eats / PayPayポイント / - / -
2025/05/24,支出,2959,その他,支払い / Uber Eats / PayPay残高 / - / -
2025/05/24,収入,11,その他,ポイント、残高の獲得 / Uber Eats / PayPayポイント / - / -
2025/05/24,支出,2376,その他,支払い / Uber Eats / PayPay残高 / - / -
2025/05/25,収入,7,その他,ポイント、残高の獲得 / arde新大阪 / PayPayポイント / - / -
2025/05/25,支出,1485,その他,支払い / arde新大阪 - にぎわい弁当 / PayPay残高 / - / -
2025/05/27,支出,17283,その他,返済金　ﾆﾎﾝｶﾞｸｾｲｼｴﾝｷ
2025/05/27,支出,95310,その他,振替　ｴﾎﾟｽｶ-ﾄﾞ
2025/06/01,支出,1000,その他,期間限定ポイントの期限切れ / - / PayPayポイント / - / -
2025/06/02,支出,6000,その他,送金　IB ｲﾊﾗ ﾀﾞｲｽｹ
2025/06/04,支出,11000,通信費,振替　AU PAY ｶ-ﾄﾞ
2025/06/10,支出,1606,その他,水道　ｽｲﾄﾞｳ05ﾂｷﾌﾞﾝ
2025/06/10,支出,66443,その他,振替　Dｶ-ﾄﾞ
2025/06/16,収入,5,その他,ポイント、残高の獲得 / らーめんにんにくや　堀之内店 / PayPayポイント / - / -
2025/06/16,支出,1000,その他,支払い / らーめんにんにくや　堀之内店 - らーめんにんにくや　堀之内店 / PayPay残高 / - / -
2025/06/16,支出,1000,その他,支払い / らーめんにんにくや　堀之内店 - らーめんにんにくや　堀之内店 / PayPay残高 / - / -
2025/06/16,収入,5,その他,ポイント、残高の獲得 / らーめんにんにくや　堀之内店 / PayPayポイント / - / -
2025/06/16,支出,579,食費,"支払い / ローソン - 川崎生田八丁目 / PayPayポイント (103円), PayPay残高 (476円) / - / -"
2025/06/16,収入,2,その他,ポイント、残高の獲得 / ローソン / PayPayポイント / - / -
2025/06/17,支出,200,その他,支払い / ファミリーマート - 台東柳橋一丁目 / PayPay残高 / - / -
2025/06/17,収入,1,その他,ポイント、残高の獲得 / ファミリーマート / PayPayポイント / - / -
2025/06/17,収入,3,その他,ポイント、残高の獲得 / 磯浜魚業 / PayPayポイント / - / -
2025/06/17,支出,600,その他,支払い / 磯浜魚業 - テイクアウト２ / PayPay残高 / - / -
2025/06/17,収入,1,その他,ポイント、残高の獲得 / ファミリーマート / PayPayポイント / - / -
2025/06/17,支出,315,その他,"支払い / ファミリーマート - 神田駅北口 / PayPayポイント (31円), PayPay残高 (284円) / - / -"
2025/06/17,支出,4000,その他,送った金額 / れんや / PayPay残高 / - / -
2025/06/17,収入,7,その他,ポイント、残高の獲得 / セブン-イレブン / PayPayポイント / - / -
2025/06/17,支出,1559,食費,支払い / セブン-イレブン - 世田谷千歳台２丁目 / PayPay残高 / - / -
2025/06/18,収入,5,その他,ポイント、残高の獲得 / しんぱち食堂　神田北口店 / PayPayポイント / - / -
2025/06/18,支出,1133,その他,支払い / しんぱち食堂　神田北口店 - しんぱち食堂　神田北口店 / PayPay残高 / - / -
2025/06/18,収入,5,その他,ポイント、残高の獲得 / くまめん / PayPayポイント / - / -
2025/06/18,支出,1050,その他,支払い / くまめん - 神田店 / PayPay残高 / - / -
2025/06/18,支出,550,食費,"支払い / エクセルシオールカフェ - エクセルシオールカフェ神田北口店 / PayPayポイント (23円), PayPay残高 (527円) / - / -"
2025/06/18,収入,2,その他,ポイント、残高の獲得 / エクセルシオールカフェ / PayPayポイント / - / -
2025/06/19,支出,580,その他,支払い / ファミリーマート - 東神田二丁目 / PayPay残高 / - / -
2025/06/19,収入,2,その他,ポイント、残高の獲得 / ファミリーマート / PayPayポイント / - / -
2025/06/19,支出,2980,その他,送った金額 / yota / PayPay残高 / - / -
2025/06/19,収入,8,その他,ポイント、残高の獲得 / 牛たん とろろ 麦めし ねぎし / PayPayポイント / - / -
2025/06/19,支出,1600,その他,支払い / 牛たん とろろ 麦めし ねぎし - ねぎし　京王フレンテ店 / PayPay残高 / - / -
2025/06/19,支出,149,食費,支払い / ローソン - 新宿大久保二丁目 / PayPay残高 / - / -
2025/06/19,収入,1,その他,ポイント、残高の獲得 / ファミリーマート / PayPayポイント / - / -
2025/06/19,支出,300,その他,"支払い / ファミリーマート - 神田駅北口 / PayPayポイント (13円), PayPay残高 (287円) / - / -"
2025/06/20,収入,17,その他,ポイント、残高の獲得 / Uber Eats / PayPayポイント / - / -
2025/06/20,支出,3405,その他,支払い / Uber Eats / PayPay残高 / - / -
2025/06/20,支出,520,その他,支払い / ファミリーマート - 神田駅北 / PayPay残高 / - / -
2025/06/20,収入,2,その他,ポイント、残高の獲得 / ファミリーマート / PayPayポイント / - / -
2025/06/20,収入,2,その他,ポイント、残高の獲得 / セブン-イレブン / PayPayポイント / - / -
2025/06/20,支出,520,食費,"支払い / セブン-イレブン - 神田駅南口 / PayPayポイント (4円), PayPay残高 (516円) / - / -"
2025/06/21,収入,10,その他,ポイント、残高の獲得 / 双麺浅草橋店 / PayPayポイント / - / -
2025/06/21,支出,2060,その他,支払い / 双麺浅草橋店 - 双麺浅草橋店 / PayPay残高 / - / -
2025/06/21,収入,3,その他,ポイント、残高の獲得 / セブン-イレブン / PayPayポイント / - / -
2025/06/21,支出,671,食費,"支払い / セブン-イレブン - 和光新倉８丁目 / PayPayポイント (9円), PayPay残高 (662円) / - / -"
2025/06/22,支出,9000,その他,送った金額 / れんや / PayPay残高 / - / -
2025/06/22,収入,100000,その他,郵便局　(9901-7020)
2025/06/22,支出,220,その他,手数料
2025/06/23,収入,4,その他,ポイント、残高の獲得 / すき家 / PayPayポイント / - / -
2025/06/23,支出,970,その他,"支払い / すき家 - 浅草橋駅前店 / PayPayポイント (25円), PayPay残高 (945円) / - / -"
2025/06/23,支出,1000,その他,送った金額 / 🐼 / PayPay残高 / - / -
2025/06/23,支出,4623,その他,ガス　ｵｵｻｶｶﾞｽ(ｶ)
2025/06/24,収入,3,その他,ポイント、残高の獲得 / 磯浜魚業 / PayPayポイント / - / -
2025/06/24,支出,650,その他,支払い / 磯浜魚業 - テイクアウト２ / PayPay残高 / - / -
2025/06/24,支出,549,食費,"支払い / セブン-イレブン - 神田駅南口 / PayPayポイント (7円), PayPay残高 (542円) / - / -"
2025/06/24,収入,2,その他,ポイント、残高の獲得 / セブン-イレブン / PayPayポイント / - / -
2025/06/25,支出,595,交通費,支払い / JR-PLUS - ＪＲ-ＰＬＵＳ東京デリカステーション８１５ / PayPay残高 / - / -
2025/06/25,収入,2,その他,ポイント、残高の獲得 / JR-PLUS / PayPayポイント / - / -
2025/06/25,収入,152635,その他,振込　ｶ)ｾﾞﾛｲﾁ
2025/06/26,支出,129,食費,支払い / セブン-イレブン - 大阪日本橋３丁目 / PayPay残高 / - / -
2025/06/26,支出,166,食費,支払い / セブン-イレブン - 大阪日本橋３丁目 / PayPay残高 / - / -
2025/06/26,収入,1,その他,ポイント、残高の獲得 / ファミリーマート / PayPayポイント / - / -
2025/06/26,支出,254,その他,支払い / ファミリーマート - アイランドセンター駅東 / PayPay残高 / - / -
2025/06/26,収入,4,その他,ポイント、残高の獲得 / 匠 / PayPayポイント / - / -
2025/06/26,支出,995,その他,支払い / 匠 - TAKUMEAT　STORE / PayPay残高 / - / -
2025/06/26,支出,5,その他,支払い / ファミリーマート - 地下鉄南方駅前 / PayPay残高 / - / -
2025/06/26,収入,7,その他,ポイント、残高の獲得 / ファミリーマート / PayPayポイント / - / -
2025/06/26,支出,1534,その他,支払い / ファミリーマート - 地下鉄南方駅前 / PayPay残高 / - / -
2025/06/27,収入,7,その他,ポイント、残高の獲得 / フジオフードシステム / PayPayポイント / - / -
2025/06/27,支出,1500,その他,支払い / フジオフードシステム - フジオ軒　南森町店 / PayPay残高 / - / -
2025/06/27,支出,149,食費,支払い / セブン-イレブン - 大阪東天満２丁目 / PayPay残高 / - / -
2025/06/27,支出,17283,その他,返済金　ﾆﾎﾝｶﾞｸｾｲｼｴﾝｷ
2025/06/27,支出,95310,その他,振替　ｴﾎﾟｽｶ-ﾄﾞ
2025/06/28,収入,9,その他,ポイント、残高の獲得 / マクドナルド / PayPayポイント / - / -
2025/06/28,支出,1840,食費,支払い / マクドナルド - マクドナルド狭山岩室店 / PayPay残高 / - / -
2025/06/28,収入,8,その他,ポイント、残高の獲得 / ローソン / PayPayポイント / - / -
2025/06/28,支出,1701,食費,支払い / ローソン - 柏原石川町 / PayPay残高 / - / -
2025/06/28,支出,152,食費,支払い / ローソン - ローソンストア100浪速日本橋 / PayPay残高 / - / -
2025/06/29,支出,162,食費,支払い / セブン-イレブン - 富田林西板持 / PayPay残高 / - / -
2025/07/01,収入,11,その他,ポイント、残高の獲得 / Uber Eats / PayPayポイント / - / -
2025/07/01,支出,2310,その他,支払い / Uber Eats / PayPay残高 / - / -
2025/07/02,収入,4,その他,ポイント、残高の獲得 / 匠 / PayPayポイント / - / -
2025/07/02,支出,995,その他,支払い / 匠 - TAKUMEAT　STORE / PayPay残高 / - / -
2025/07/02,収入,1,その他,ポイント、残高の獲得 / セブン-イレブン / PayPayポイント / - / -
2025/07/02,支出,355,食費,支払い / セブン-イレブン - 大阪西中島４丁目 / PayPay残高 / - / -
2025/07/03,収入,2,その他,ポイント、残高の獲得 / ニコニコ本舗 / PayPayポイント / - / -
2025/07/03,支出,500,その他,支払い / ニコニコ本舗 - 西中島店 / PayPay残高 / - / -
2025/07/04,収入,2,その他,ポイント、残高の獲得 / セブン-イレブン / PayPayポイント / - / -
2025/07/04,支出,452,食費,支払い / セブン-イレブン - 大阪西中島４丁目 / PayPay残高 / - / -
2025/07/04,支出,127,その他,支払い / デイリーヤマザキ - 淀川西中島 / PayPay残高 / - / -
2025/07/04,支出,183755,通信費,振替　AU PAY ｶ-ﾄﾞ
2025/07/04,支出,76000,その他,送金　IB ﾌｼﾞｻﾜ ﾅﾁ
2025/07/06,収入,100000,その他,カード　ｾﾌﾞﾝ-1135634
2025/07/06,支出,220,その他,手数料
2025/07/07,収入,5,その他,ポイント、残高の獲得 / 魚匠屋 / PayPayポイント / - / -
2025/07/07,支出,1000,その他,支払い / 魚匠屋 - 魚匠屋　神田本店 / PayPay残高 / - / -
2025/07/07,支出,118,食費,支払い / セブン-イレブン - 神田駅南口 / PayPay残高 / - / -
2025/07/08,収入,10,その他,ポイント、残高の獲得 / 双麺浅草橋店 / PayPayポイント / - / -
2025/07/08,支出,2140,その他,支払い / 双麺浅草橋店 - 双麺浅草橋店 / PayPay残高 / - / -
2025/07/08,収入,1,その他,ポイント、残高の獲得 / ファミリーマート / PayPayポイント / - / -
2025/07/08,支出,260,その他,支払い / ファミリーマート - 神田駅北 / PayPay残高 / - / -
2025/07/08,収入,5,その他,ポイント、残高の獲得 / ＬＩＮＥ　ＥＣ / PayPayポイント / - / -
2025/07/08,支出,1000,その他,支払い / ＬＩＮＥ　ＥＣ / PayPay残高 / - / -
2025/07/09,収入,5,その他,ポイント、残高の獲得 / マルマンストア / PayPayポイント / - / -
2025/07/09,支出,1197,その他,支払い / マルマンストア - マルマンストア　日本橋馬喰町店 / PayPay残高 / - / -
2025/07/09,収入,1,その他,ポイント、残高の獲得 / ファミリーマート / PayPayポイント / - / -
2025/07/09,支出,337,その他,支払い / ファミリーマート - 東神田二丁目 / PayPay残高 / - / -
2025/07/09,収入,1,その他,ポイント、残高の獲得 / ファミリーマート / PayPayポイント / - / -
2025/07/09,支出,213,その他,支払い / ファミリーマート - 神田駅北 / PayPay残高 / - / -
2025/07/09,収入,4,その他,ポイント、残高の獲得 / 東京串焼倶楽部 / PayPayポイント / - / -
2025/07/09,支出,800,その他,支払い / 東京串焼倶楽部 - 神田店 / PayPay残高 / - / -
2025/07/09,支出,463,食費,支払い / セブン-イレブン - 神田駅南口 / PayPay残高 / - / -
2025/07/09,収入,2,その他,ポイント、残高の獲得 / セブン-イレブン / PayPayポイント / - / -
2025/07/09,支出,1551,その他,水道　ｽｲﾄﾞｳ06ﾂｷﾌﾞﾝ
2025/07/10,収入,1,その他,ポイント、残高の獲得 / ファミリーマート / PayPayポイント / - / -
2025/07/10,支出,230,その他,支払い / ファミリーマート - 神田駅北 / PayPay残高 / - / -
2025/07/10,収入,1,その他,ポイント、残高の獲得 / 和菓子はしもと / PayPayポイント / - / -
2025/07/10,支出,250,その他,支払い / 和菓子はしもと - 店舗2 / PayPay残高 / - / -
2025/07/10,収入,1500,その他,ポイント、残高の獲得 / Yahoo!ショッピング / PayPayポイント / - / -
2025/07/10,支出,328,食費,支払い / セブン-イレブン - 台東柳橋１丁目 / PayPay残高 / - / -
2025/07/10,収入,1,その他,ポイント、残高の獲得 / セブン-イレブン / PayPayポイント / - / -
2025/07/10,支出,2366,その他,振替　Dｶ-ﾄﾞ
2025/07/11,収入,17,その他,ポイント、残高の獲得 / Uber Eats / PayPayポイント / - / -
2025/07/11,支出,3405,その他,支払い / Uber Eats / PayPay残高 / - / -
2025/07/11,収入,3,その他,ポイント、残高の獲得 / ファミリーマート / PayPayポイント / - / -
2025/07/11,支出,706,その他,支払い / ファミリーマート - 神田駅北 / PayPay残高 / - / -
2025/07/12,収入,11,その他,ポイント、残高の獲得 / café STUDIO / PayPayポイント / - / -
2025/07/12,支出,2365,その他,支払い / café STUDIO - 原宿店 / PayPay残高 / - / -
2025/07/13,支出,129,食費,支払い / セブン-イレブン - 台東柳橋１丁目 / PayPay残高 / - / -
2025/07/13,支出,26380,その他,送った金額 / yota / PayPay残高 / - / -
2025/07/13,収入,5,その他,ポイント、残高の獲得 / Uber Eats / PayPayポイント / - / -
2025/07/13,支出,1138,その他,支払い / Uber Eats / PayPay残高 / - / -
2025/07/13,収入,7,その他,ポイント、残高の獲得 / Uber Eats / PayPayポイント / - / -
2025/07/13,支出,1417,その他,支払い / Uber Eats / PayPay残高 / - / -
2025/07/13,支出,14000,その他,送った金額 / yota / PayPay残高 / - / -
2025/07/13,支出,50000,その他,郵便局　(9901-7020)
2025/07/13,支出,220,その他,手数料
2025/07/14,支出,451,その他,支払い / ファミリーマート - 神田駅北 / PayPay残高 / - / -
2025/07/14,収入,2,その他,ポイント、残高の獲得 / ファミリーマート / PayPayポイント / - / -
2025/07/14,支出,700,その他,支払い / 嘉徳園 - 嘉徳園 / PayPay残高 / - / -
2025/07/14,収入,3,その他,ポイント、残高の獲得 / 嘉徳園 / PayPayポイント / - / -
2025/07/14,支出,653,その他,支払い / ファミリーマート - 神田駅北口 / PayPay残高 / - / -
2025/07/14,収入,3,その他,ポイント、残高の獲得 / ファミリーマート / PayPayポイント / - / -
2025/07/15,支出,130,その他,支払い / ファミリーマート - 佐原四丁目 / PayPay残高 / - / -
2025/07/15,支出,141,その他,支払い / ファミリーマート - 神田駅北 / PayPay残高 / - / -
2025/07/16,収入,2,その他,ポイント、残高の獲得 / セブン-イレブン / PayPayポイント / - / -
2025/07/16,支出,509,食費,"支払い / セブン-イレブン - 神田駅南口 / PayPayポイント (12円), PayPay残高 (497円) / - / -"
2025/07/16,支出,25000,その他,送金　IB ﾌｼﾞｻﾜ ﾅﾁ
2025/07/17,収入,2,その他,ポイント、残高の獲得 / ファミリーマート / PayPayポイント / - / -
2025/07/17,支出,538,その他,"支払い / ファミリーマート - 神田駅北 / PayPayポイント (12円), PayPay残高 (526円) / - / -"
2025/07/18,収入,1,その他,ポイント、残高の獲得 / ファミリーマート / PayPayポイント / - / -
2025/07/18,支出,313,その他,支払い / ファミリーマート - 神田駅北 / PayPay残高 / - / -
2025/07/18,支出,484,その他,"支払い / ファミリーマート - 神田駅北 / PayPayポイント (12円), PayPay残高 (472円) / - / -"
2025/07/18,収入,2,その他,ポイント、残高の獲得 / ファミリーマート / PayPayポイント / - / -
2025/07/19,収入,2,その他,ポイント、残高の獲得 / 上野動物園 / PayPayポイント / - / -
2025/07/19,支出,400,その他,支払い / 上野動物園 - さるやまキッチン / PayPay残高 / - / -
2025/07/19,収入,6,その他,ポイント、残高の獲得 / 上野動物園 / PayPayポイント / - / -
2025/07/19,支出,1200,その他,支払い / 上野動物園 - 上野動物園案内係 / PayPay残高 / - / -
2025/07/19,収入,12,その他,ポイント、残高の獲得 / モスバーガー / PayPayポイント / - / -
2025/07/19,支出,2590,その他,"支払い / モスバーガー - モスバーガー浅草橋駅前店 / PayPayポイント (11円), PayPay残高 (2,579円) / - / -"
2025/07/20,支出,2057,その他,"支払い / 吉野家 - 吉野家浅草橋駅東口 / PayPayポイント (21円), PayPay残高 (2,036円) / - / -"
2025/07/20,収入,10,その他,ポイント、残高の獲得 / 吉野家 / PayPayポイント / - / -
2025/07/20,支出,60000,その他,カード　ｾﾌﾞﾝ-1135634
2025/07/20,支出,220,その他,手数料
2025/07/21,収入,6,その他,ポイント、残高の獲得 / ピットデザイン / PayPayポイント / - / -
2025/07/21,支出,1350,交通費,支払い / ピットデザイン - ピットデザイン東京スカイツリータウン駐車場 / PayPay残高 / - / -
2025/07/21,収入,4,その他,ポイント、残高の獲得 / ファミリーマート / PayPayポイント / - / -
2025/07/21,支出,963,その他,"支払い / ファミリーマート - 音羽一丁目 / PayPayポイント (13円), PayPay残高 (950円) / - / -"
2025/07/21,支出,1862,その他,支払い / ファミリーマート - 台東柳橋一丁目 / PayPay残高 / - / -
2025/07/21,収入,9,その他,ポイント、残高の獲得 / ファミリーマート / PayPayポイント / - / -
2025/07/22,収入,2,その他,ポイント、残高の獲得 / ファミリーマート / PayPayポイント / - / -
2025/07/22,支出,422,その他,支払い / ファミリーマート - 神田駅北 / PayPay残高 / - / -
2025/07/22,収入,4,その他,ポイント、残高の獲得 / 東京串焼倶楽部 / PayPayポイント / - / -
2025/07/22,支出,880,その他,支払い / 東京串焼倶楽部 - 神田店 / PayPay残高 / - / -
2025/07/22,支出,141,その他,支払い / ファミリーマート - 神田駅北 / PayPay残高 / - / -
2025/07/23,収入,3,その他,ポイント、残高の獲得 / ファミリーマート / PayPayポイント / - / -
2025/07/23,支出,767,その他,支払い / ファミリーマート - 台東柳橋一丁目 / PayPay残高 / - / -
2025/07/23,収入,4,その他,ポイント、残高の獲得 / 魚匠屋 / PayPayポイント / - / -
2025/07/23,支出,1000,その他,"支払い / 魚匠屋 - 魚匠屋　神田本店 / PayPayポイント (4円), PayPay残高 (996円) / - / -"
2025/07/23,支出,2623,その他,ガス　ｵｵｻｶｶﾞｽ(ｶ)
2025/07/24,収入,2,その他,ポイント、残高の獲得 / ファミリーマート / PayPayポイント / - / -
2025/07/24,支出,464,その他,"支払い / ファミリーマート - 神田駅北口 / PayPayポイント (5円), PayPay残高 (459円) / - / -"
2025/07/25,支出,1200,その他,送った金額 / れんや / PayPay残高 / - / -
2025/07/25,支出,178,その他,"支払い / ファミリーマート - 神田駅北 / PayPayポイント (2円), PayPay残高 (176円) / - / -"
2025/07/25,収入,264465,その他,振込　ｶ)ｾﾞﾛｲﾁ
2025/07/26,収入,1000,その他,受け取った金額 / れんや / PayPay残高 / - / -
2025/07/26,支出,250000,その他,送金　IB ｲﾊﾗ ｼﾖｳﾀﾛ
2025/07/26,支出,165,その他,手数料
2025/07/26,収入,170000,その他,カード　ｾﾌﾞﾝ-1138312
2025/07/26,支出,220,その他,手数料
2025/07/26,収入,20000,その他,振込　ｵｶﾉ ﾅｵ
2025/07/27,収入,9,その他,ポイント、残高の獲得 / Uber Eats / PayPayポイント / - / -
2025/07/27,支出,1913,その他,"支払い / Uber Eats / PayPayポイント (19円), PayPay残高 (1,894円) / - / -"
2025/07/28,収入,5,その他,ポイント、残高の獲得 / 鳥良商店 / PayPayポイント / - / -
2025/07/28,支出,1124,その他,"支払い / 鳥良商店 - 鳥良商店　神田西口店 / PayPayポイント (17円), PayPay残高 (1,107円) / - / -"
2025/07/28,支出,17283,その他,返済金　ﾆﾎﾝｶﾞｸｾｲｼｴﾝｷ
2025/07/28,支出,95310,その他,振替　ｴﾎﾟｽｶ-ﾄﾞ
2025/07/29,支出,160,その他,支払い / ファミリーマート - 神田駅北 / PayPay残高 / - / -
2025/07/29,収入,3,その他,ポイント、残高の獲得 / 磯浜魚業 / PayPayポイント / - / -
2025/07/29,支出,680,その他,支払い / 磯浜魚業 - テイクアウト２ / PayPay残高 / - / -
2025/07/29,収入,1,その他,ポイント、残高の獲得 / ファミリーマート / PayPayポイント / - / -
2025/07/29,支出,364,その他,支払い / ファミリーマート - 神田駅北口 / PayPay残高 / - / -
2025/07/30,収入,4,その他,ポイント、残高の獲得 / ファミリーマート / PayPayポイント / - / -
2025/07/30,支出,871,その他,支払い / ファミリーマート - 神田駅北 / PayPay残高 / - / -
2025/07/30,支出,158,その他,支払い / ファミリーマート - 神田駅北口 / PayPay残高 / - / -
2025/07/30,支出,1114,その他,支払い / ファミリーマート - 東神田二丁目 / PayPay残高 / - / -
2025/07/30,収入,5,その他,ポイント、残高の獲得 / ファミリーマート / PayPayポイント / - / -
2025/07/31,支出,290,その他,"支払い / ファミリーマート - 神田駅北口 / PayPayポイント (11円), PayPay残高 (279円) / - / -"
2025/07/31,収入,1,その他,ポイント、残高の獲得 / ファミリーマート / PayPayポイント / - / -
2025/08/01,収入,4,その他,ポイント、残高の獲得 / サンマルクカフェ / PayPayポイント / - / -
2025/08/01,支出,900,食費,"支払い / サンマルクカフェ - サンマルクカフェ神田北口店 / PayPayポイント (5円), PayPay残高 (895円) / - / -"
2025/08/01,収入,12,その他,ポイント、残高の獲得 / Uber Eats / PayPayポイント / - / -
2025/08/01,支出,2421,その他,支払い / Uber Eats / PayPay残高 / - / -
2025/08/02,収入,7,その他,ポイント、残高の獲得 / Uber Eats / PayPayポイント / - / -
2025/08/02,支出,1496,その他,支払い / Uber Eats / PayPay残高 / - / -
2025/08/02,収入,9,その他,ポイント、残高の獲得 / Uber Eats / PayPayポイント / - / -
2025/08/02,支出,1922,その他,支払い / Uber Eats / PayPay残高 / - / -
2025/08/02,収入,18,その他,ポイント、残高の獲得 / タクシー車内決済(GO) / PayPayポイント / - / -
2025/08/02,支出,3700,交通費,"支払い / タクシー車内決済(GO) - リボン交通株式会社 本社営業所 / PayPayポイント (2円), PayPay残高 (3,698円) / - / -"
2025/08/03,収入,2,その他,ポイント、残高の獲得 / セブン-イレブン / PayPayポイント / - / -
2025/08/03,支出,527,食費,"支払い / セブン-イレブン - 台東柳橋１丁目 / PayPayポイント (2円), PayPay残高 (525円) / - / -"
2025/08/03,支出,4000,その他,送った金額 / れんや / PayPay残高 / - / -
2025/08/04,支出,230,その他,支払い / ファミリーマート - 神田駅北 / PayPay残高 / - / -
2025/08/04,収入,1,その他,ポイント、残高の獲得 / ファミリーマート / PayPayポイント / - / -
2025/08/04,支出,18857,通信費,振替　AU PAY ｶ-ﾄﾞ
2025/08/05,収入,6800,その他,受け取った金額 / れんや / PayPay残高 / - / -
2025/08/05,収入,600,その他,受け取った金額 / れんや / PayPay残高 / - / -
2025/08/05,収入,2250,その他,受け取った金額 / れんや / PayPay残高 / - / -
2025/08/06,収入,3,その他,ポイント、残高の獲得 / 東京串焼倶楽部 / PayPayポイント / - / -
2025/08/06,支出,800,その他,"支払い / 東京串焼倶楽部 - 神田店 / PayPayポイント (5円), PayPay残高 (795円) / - / -"
2025/08/08,支出,190,その他,"支払い / ファミリーマート - 神田駅北 / PayPayポイント (29円), PayPay残高 (161円) / - / -"
2025/08/09,支出,3630,その他,"支払い / グランスタ八重北 - 東京駅八重北食堂 / PayPayポイント (3円), PayPay残高 (3,627円) / - / -"
2025/08/09,収入,109,その他,利息　07-08-08ﾏﾃﾞ
2025/08/10,収入,6,その他,ポイント、残高の獲得 / なんばパークスシネマ / PayPayポイント / - / -
2025/08/10,支出,1330,その他,支払い / なんばパークスシネマ - なんばパークスシネマ / PayPay残高 / - / -
2025/08/10,支出,3058,その他,支払い / なんばパークス - ポムの樹 ゴールド / PayPay残高 / - / -
2025/08/10,収入,15,その他,ポイント、残高の獲得 / なんばパークス / PayPayポイント / - / -
2025/08/10,支出,333,食費,支払い / ローソン - ローソンストア100浪速日本橋 / PayPay残高 / - / -
2025/08/10,収入,1,その他,ポイント、残高の獲得 / ローソン / PayPayポイント / - / -
2025/08/10,支出,117,食費,"支払い / ローソン - ローソンストア100浪速日本橋 / PayPayポイント (20円), PayPay残高 (97円) / - / -"
2025/08/11,支出,60000,その他,送った金額 / yota / PayPay残高 / - / -
2025/08/11,支出,100000,その他,郵便局　(9940-6010)
2025/08/11,支出,220,その他,手数料
2025/08/12,支出,1330,その他,"支払い / なんばパークスシネマ - なんばパークスシネマ / PayPayポイント (23円), PayPay残高 (1,307円) / - / -"
2025/08/12,収入,6,その他,ポイント、残高の獲得 / なんばパークスシネマ / PayPayポイント / - / -
2025/08/12,支出,1562,その他,水道　ｽｲﾄﾞｳ07ﾂｷﾌﾞﾝ
2025/08/12,支出,15000,その他,振替　Dｶ-ﾄﾞ
2025/08/13,収入,2,その他,ポイント、残高の獲得 / デイリーヤマザキ / PayPayポイント / - / -
2025/08/13,支出,570,その他,支払い / デイリーヤマザキ - 淀川西中島 / PayPay残高 / - / -
2025/08/13,収入,1,その他,ポイント、残高の獲得 / セブン-イレブン / PayPayポイント / - / -
2025/08/13,支出,368,食費,"支払い / セブン-イレブン - 大阪西中島４丁目 / PayPayポイント (8円), PayPay残高 (360円) / - / -"
2025/08/14,支出,130,食費,支払い / ローソン - ローソンストア100浪速日本橋 / PayPay残高 / - / -
2025/08/14,支出,141,食費,支払い / セブン-イレブン - 大阪西中島４丁目 / PayPay残高 / - / -
2025/08/15,収入,2,その他,ポイント、残高の獲得 / ファミリーマート / PayPayポイント / - / -
2025/08/15,支出,580,その他,支払い / ファミリーマート - ヨーロッパ通り / PayPay残高 / - / -
2025/08/15,収入,6,その他,ポイント、残高の獲得 / アスペルジュ / PayPayポイント / - / -
2025/08/15,支出,1340,その他,支払い / アスペルジュ - アスペルジュ / PayPay残高 / - / -
2025/08/15,支出,172,食費,"支払い / セブン-イレブン - 大阪西中島４丁目 / PayPayポイント (2円), PayPay残高 (170円) / - / -"
2025/08/15,収入,69000,その他,カード　ENET-181007
2025/08/15,支出,220,その他,手数料
2025/08/16,収入,13,その他,ポイント、残高の獲得 / Uber Eats / PayPayポイント / - / -
2025/08/16,支出,2706,その他,"支払い / Uber Eats / PayPayポイント (2円), PayPay残高 (2,704円) / - / -"
2025/08/17,支出,3075,その他,支払い / ライフ - 下寺店 / PayPay残高 / - / -
2025/08/17,収入,15,その他,ポイント、残高の獲得 / ライフ / PayPayポイント / - / -
2025/08/17,収入,2,その他,ポイント、残高の獲得 / セブン-イレブン / PayPayポイント / - / -
2025/08/17,支出,589,食費,支払い / セブン-イレブン - 大阪日本橋３丁目 / PayPay残高 / - / -
2025/08/17,収入,10,その他,ポイント、残高の獲得 / くら寿司 / PayPayポイント / - / -
2025/08/17,支出,2050,その他,支払い / くら寿司 - なんば日本橋 / PayPay残高 / - / -
2025/08/17,収入,15,その他,ポイント、残高の獲得 / Uber Eats / PayPayポイント / - / -
2025/08/17,支出,3140,その他,"支払い / Uber Eats / PayPayポイント (3円), PayPay残高 (3,137円) / - / -"
2025/08/17,収入,10,その他,ポイント、残高の獲得 / 買取りまっくす / PayPayポイント / - / -
2025/08/17,支出,2100,その他,支払い / 買取りまっくす - なんば店 / PayPay残高 / - / -
2025/08/18,収入,2,その他,ポイント、残高の獲得 / セブン-イレブン / PayPayポイント / - / -
2025/08/18,支出,463,食費,"支払い / セブン-イレブン - 大阪西中島４丁目 / PayPayポイント (20円), PayPay残高 (443円) / - / -"
2025/08/19,収入,4,その他,ポイント、残高の獲得 / ニトリ / PayPayポイント / - / -
2025/08/19,支出,886,その他,支払い / ニトリ - ニトリ心斎橋アメリカ村店 / PayPay残高 / - / -
2025/08/19,収入,3,その他,ポイント、残高の獲得 / なんばCITY / PayPayポイント / - / -
2025/08/19,支出,638,その他,"支払い / なんばCITY - ブルーブルーエ / PayPayポイント (10円), PayPay残高 (628円) / - / -"
2025/08/21,支出,25000,その他,カード　ｾﾌﾞﾝ-1132718
2025/08/21,支出,220,その他,手数料
2025/08/22,支出,4738,その他,ガス　ｵｵｻｶｶﾞｽ(ｶ)
2025/08/25,収入,263490,その他,振込　ｶ)ｾﾞﾛｲﾁ
2025/08/25,支出,15000,その他,送金　IB ｲﾊﾗ ｼﾖｳﾀﾛ
2025/08/25,支出,165,その他,手数料
2025/08/26,支出,33790,その他,振替　ﾐﾂｲｽﾐﾄﾓｶ-ﾄﾞ
2025/08/27,支出,17283,その他,返済金　ﾆﾎﾝｶﾞｸｾｲｼｴﾝｷ
2025/08/27,支出,95310,その他,振替　ｴﾎﾟｽｶ-ﾄﾞ
2025/09/01,支出,1500,その他,期間限定ポイントの期限切れ / - / PayPayポイント / - / -
2025/09/04,支出,133676,通信費,振替　AU PAY ｶ-ﾄﾞ
2025/09/06,収入,17000,その他,振込　CT ｵｶﾉﾀｶﾐﾁ
2025/09/07,収入,10,その他,ポイント、残高の獲得 / EXPO2025 / PayPayポイント / - / -
2025/09/07,支出,2000,その他,支払い / EXPO2025 - EXPO2025 / PayPay残高 / - / -
2025/09/07,収入,6,その他,ポイント、残高の獲得 / EXPO2025 / PayPayポイント / - / -
2025/09/07,支出,1250,その他,支払い / EXPO2025 - EXPO2025 / PayPay残高 / - / -
2025/09/07,収入,9,その他,ポイント、残高の獲得 / EXPO2025 / PayPayポイント / - / -
2025/09/07,支出,2106,その他,"支払い / EXPO2025 - EXPO2025 / PayPayポイント (118円), PayPay残高 (1,988円) / - / -"
2025/09/07,収入,69000,その他,カード　LANS-223900
2025/09/07,支出,220,その他,手数料
2025/09/07,支出,10000,その他,送金　IB ｲﾊﾗ ｼﾖｳﾀﾛ
2025/09/07,支出,165,その他,手数料
2025/09/08,収入,18,その他,ポイント、残高の獲得 / Uber Eats / PayPayポイント / - / -
2025/09/08,支出,3680,その他,支払い / Uber Eats / PayPay残高 / - / -
2025/09/09,収入,6,その他,ポイント、残高の獲得 / Uber Eats / PayPayポイント / - / -
2025/09/09,支出,1235,その他,"支払い / Uber Eats / PayPayポイント (22円), PayPay残高 (1,213円) / - / -"
2025/09/09,支出,1562,その他,水道　ｽｲﾄﾞｳ08ﾂｷﾌﾞﾝ
2025/09/10,支出,2770,その他,支払い / Uber Eats / PayPay残高 / - / -
2025/09/10,支出,514,食費,支払い / セブン-イレブン - 大阪西中島４丁目 / PayPay残高 / - / -
2025/09/10,収入,2,その他,ポイント、残高の獲得 / セブン-イレブン / PayPayポイント / - / -
2025/09/10,収入,5,その他,ポイント、残高の獲得 / なんばCITY / PayPayポイント / - / -
2025/09/10,支出,1155,食費,支払い / なんばCITY - ベーカリー　カフェ　C / PayPay残高 / - / -
2025/09/11,収入,10,その他,ポイント、残高の獲得 / Uber Eats / PayPayポイント / - / -
2025/09/11,支出,2174,その他,支払い / Uber Eats / PayPay残高 / - / -
2025/09/11,収入,34,その他,ポイント、残高の獲得 / ホワイティうめだ / PayPayポイント / - / -
2025/09/11,支出,6809,その他,"支払い / ホワイティうめだ - ミアスタンド / PayPayポイント (6円), PayPay残高 (6,803円) / - / -"
2025/09/11,収入,13,その他,ポイント、残高の獲得 / Uber Eats / PayPayポイント / - / -
2025/09/12,収入,56000,その他,カード　ｾﾌﾞﾝ-1137999
2025/09/12,支出,110,その他,手数料
2025/09/13,支出,458,その他,支払い / ファミリーマート - 貝塚港北 / PayPay残高 / - / -
2025/09/13,収入,2,その他,ポイント、残高の獲得 / ファミリーマート / PayPayポイント / - / -
2025/09/13,支出,1000,その他,支払い / ファミリーマート - 羽曳野誉田 / PayPay残高 / - / -
2025/09/13,収入,5,その他,ポイント、残高の獲得 / ファミリーマート / PayPayポイント / - / -
2025/09/13,支出,783,その他,支払い / ファミリーマート - 羽曳野誉田 / PayPay残高 / - / -
2025/09/13,収入,3,その他,ポイント、残高の獲得 / ファミリーマート / PayPayポイント / - / -
2025/09/13,支出,287,その他,支払い / なんばCITY - ＴＲＵＦＦＬＥ　ｍｉｎｉ / PayPay残高 / - / -
2025/09/13,収入,1,その他,ポイント、残高の獲得 / なんばCITY / PayPayポイント / - / -
2025/09/13,収入,6,その他,ポイント、残高の獲得 / なんばCITY / PayPayポイント / - / -
2025/09/13,支出,1305,食費,"支払い / なんばCITY - ベーカリー　カフェ　C / PayPayポイント (3円), PayPay残高 (1,302円) / - / -"
2025/09/14,収入,7,その他,ポイント、残高の獲得 / EXPO2025 / PayPayポイント / - / -
2025/09/14,支出,1450,その他,支払い / EXPO2025 - EXPO2025 / PayPay残高 / - / -
2025/09/14,収入,10,その他,ポイント、残高の獲得 / EXPO2025／M / PayPayポイント / - / -
2025/09/14,支出,2100,その他,支払い / EXPO2025／M - EXPO2025／M / PayPay残高 / - / -
2025/09/14,収入,9,その他,ポイント、残高の獲得 / Uber Eats / PayPayポイント / - / -
2025/09/14,支出,1847,その他,支払い / Uber Eats / PayPay残高 / - / -
2025/09/14,収入,15,その他,ポイント、残高の獲得 / Uber Eats / PayPayポイント / - / -
2025/09/14,支出,3117,その他,"支払い / Uber Eats / PayPayポイント (8円), PayPay残高 (3,109円) / - / -"
2025/09/15,収入,10,その他,ポイント、残高の獲得 / EXPO2025 / PayPayポイント / - / -
2025/09/15,支出,2050,その他,支払い / EXPO2025 - EXPO2025 / PayPay残高 / - / -
2025/09/15,収入,3,その他,ポイント、残高の獲得 / EXPO2025 / PayPayポイント / - / -
2025/09/15,支出,700,その他,"支払い / EXPO2025 - EXPO2025 / PayPayポイント (13円), PayPay残高 (687円) / - / -"
2025/09/15,収入,3,その他,ポイント、残高の獲得 / 吉野家 / PayPayポイント / - / -
2025/09/15,支出,715,その他,支払い / 吉野家 - なんばＣＩＴＹ南館店 / PayPay残高 / - / -
2025/09/20,収入,50000,その他,カード　ｾﾌﾞﾝ-1101107
2025/09/20,支出,220,その他,手数料
2025/09/20,支出,182600,その他,送金　ｾﾌﾞﾝ-1101107
2025/09/20,支出,660,その他,手数料
2025/09/22,支出,5601,その他,ガス　ｵｵｻｶｶﾞｽ(ｶ)
2025/09/25,収入,80000,その他,カード　ｾﾌﾞﾝ-1137999
2025/09/25,支出,110,その他,手数料
2025/09/25,収入,269329,その他,振込　ｶ)ｾﾞﾛｲﾁ
2025/09/25,支出,100000,その他,カード　LANS-201142
2025/09/25,支出,220,その他,手数料
2025/09/25,支出,80000,その他,カード　LANS-201142
2025/09/26,支出,230,その他,"支払い / デイリーヤマザキ - 淀川西中島 / PayPayポイント (61円), PayPay残高 (169円) / - / -"
2025/09/26,収入,950,その他,受け取った金額 / ゆりな / PayPay残高 / - / -
2025/09/26,支出,38648,その他,振替　ﾐﾂｲｽﾐﾄﾓｶ-ﾄﾞ
2025/09/26,収入,108520,その他,振込　ﾒﾙﾍﾟｲ(ﾒﾙｶﾘ
2025/09/27,支出,5000,その他,送った金額 / 樹生 / PayPay残高 / - / -
2025/09/27,支出,1160,食費,支払い / ローソン - 日本橋三丁目交差点東 / PayPay残高 / - / -
2025/09/27,収入,5,その他,ポイント、残高の獲得 / ローソン / PayPayポイント / - / -
2025/09/27,収入,16,その他,ポイント、残高の獲得 / Uber Eats / PayPayポイント / - / -
2025/09/27,支出,3298,その他,支払い / Uber Eats / PayPay残高 / - / -
2025/09/28,収入,3,その他,ポイント、残高の獲得 / 甲賀流 / PayPayポイント / - / -
2025/09/28,支出,700,その他,支払い / 甲賀流 - 本店 / PayPay残高 / - / -
2025/09/28,支出,585,食費,支払い / セブン-イレブン - 大阪日本橋３丁目 / PayPay残高 / - / -
2025/09/28,収入,2,その他,ポイント、残高の獲得 / セブン-イレブン / PayPayポイント / - / -
2025/09/28,収入,7,その他,ポイント、残高の獲得 / Zerro / PayPayポイント / - / -
2025/09/28,支出,1400,その他,支払い / Zerro / PayPay残高 / - / -
2025/09/28,収入,10,その他,ポイント、残高の獲得 / Zerro / PayPayポイント / - / -
2025/09/28,支出,2000,その他,支払い / Zerro / PayPay残高 / - / -
2025/09/28,収入,14,その他,ポイント、残高の獲得 / Zerro / PayPayポイント / - / -
2025/09/28,支出,2900,その他,支払い / Zerro / PayPay残高 / - / -
2025/09/28,支出,8275,その他,送った金額 / 健志郎 / PayPay残高 / - / -
2025/09/29,収入,10,その他,ポイント、残高の獲得 / Uber Eats / PayPayポイント / - / -
2025/09/29,支出,2113,その他,支払い / Uber Eats / PayPay残高 / - / -
2025/09/29,支出,1940,その他,支払い / エディオン - なんば本店 / PayPay残高 / - / -
2025/09/29,収入,9,その他,ポイント、残高の獲得 / エディオン / PayPayポイント / - / -
2025/09/29,収入,23,その他,ポイント、残高の獲得 / Amazon.co.jp / PayPayポイント / - / -
2025/09/29,支出,4696,その他,支払い / Amazon.co.jp / PayPay残高 / - / -
2025/09/29,支出,17283,その他,返済金　ﾆﾎﾝｶﾞｸｾｲｼｴﾝｷ
2025/09/29,支出,95310,その他,振替　ｴﾎﾟｽｶ-ﾄﾞ
2025/10/01,支出,172,食費,支払い / セブン-イレブン - 大阪西中島４丁目 / PayPay残高 / - / -
2025/10/02,収入,5,その他,ポイント、残高の獲得 / Uber Eats / PayPayポイント / - / -
2025/10/02,支出,1176,その他,支払い / Uber Eats / PayPay残高 / - / -
2025/10/02,支出,130000,その他,カード　ｾﾌﾞﾝ-1134906
2025/10/02,支出,220,その他,手数料
2025/10/02,収入,70000,その他,カード　ｾﾌﾞﾝ-1113520
2025/10/03,支出,1850,その他,支払い / 丸亀製麺 - 丸亀製麺　　なんば / PayPay残高 / - / -
2025/10/03,収入,9,その他,ポイント、残高の獲得 / 丸亀製麺 / PayPayポイント / - / -
2025/10/04,収入,7,その他,ポイント、残高の獲得 / タクシー車内決済(GO) / PayPayポイント / - / -
2025/10/04,支出,1500,交通費,支払い / タクシー車内決済(GO) - 株式会社未来都　中津営業所 / PayPay残高 / - / -
2025/10/05,収入,27,その他,ポイント、残高の獲得 / Uber Eats / PayPayポイント / - / -
2025/10/05,支出,5510,その他,支払い / Uber Eats / PayPay残高 / - / -
2025/10/05,支出,70000,その他,カード　ENET-187206
2025/10/05,支出,220,その他,手数料
2025/10/05,収入,70000,その他,カード　ｾﾌﾞﾝ-1113520
2025/10/06,支出,1340,その他,支払い / アスペルジュ - アスペルジュ / PayPay残高 / - / -
2025/10/06,収入,6,その他,ポイント、残高の獲得 / アスペルジュ / PayPayポイント / - / -
2025/10/06,支出,72426,通信費,振替　AU PAY ｶ-ﾄﾞ
2025/10/07,支出,2600,その他,"支払い / 法善寺横丁　喝鈍 - 喝鈍 / PayPayポイント (25円), PayPay残高 (2,575円) / - / -"
2025/10/07,収入,12,その他,ポイント、残高の獲得 / 法善寺横丁　喝鈍 / PayPayポイント / - / -
2025/10/08,支出,580,食費,支払い / ローソン - 富田林錦織 / PayPay残高 / - / -
2025/10/08,収入,2,その他,ポイント、残高の獲得 / ローソン / PayPayポイント / - / -
2025/10/08,収入,2,その他,ポイント、残高の獲得 / ニコニコ本舗 / PayPayポイント / - / -
2025/10/08,支出,500,その他,"支払い / ニコニコ本舗 - 西中島店 / PayPayポイント (18円), PayPay残高 (482円) / - / -"
2025/10/09,収入,1000,その他,ポイント、残高の獲得 / Yahoo!ショッピング / PayPayポイント / - / -
2025/10/09,収入,3,その他,ポイント、残高の獲得 / 吉野家 / PayPayポイント / - / -
2025/10/09,支出,715,その他,支払い / 吉野家 - なんばＣＩＴＹ南館店 / PayPay残高 / - / -
2025/10/09,支出,1584,その他,水道　ｽｲﾄﾞｳ09ﾂｷﾌﾞﾝ
2025/10/18,収入,1000,その他,受け取った金額 / HIRO / PayPay残高 / - / -
2025/10/19,収入,2,その他,ポイント、残高の獲得 / セブン-イレブン / PayPayポイント / - / -
2025/10/19,支出,452,食費,支払い / セブン-イレブン - 富田林瀧谷不動 / PayPay残高 / - / -
2025/10/19,支出,818,食費,支払い / セブン-イレブン - 富田林瀧谷不動 / PayPay残高 / - / -
2025/10/19,収入,4,その他,ポイント、残高の獲得 / セブン-イレブン / PayPayポイント / - / -
2025/10/19,支出,120,食費,支払い / セブン-イレブン - 富田林瀧谷不動 / PayPay残高 / - / -
2025/10/19,支出,149,食費,支払い / ローソン - 河南町神山 / PayPay残高 / - / -
2025/10/19,支出,3543,食費,"支払い / セブン-イレブン - 富田林錦織東 / PayPayポイント (144円), PayPay残高 (3,399円) / - / -"
2025/10/19,収入,16,その他,ポイント、残高の獲得 / セブン-イレブン / PayPayポイント / - / -
2025/10/20,収入,4,その他,ポイント、残高の獲得 / セブン-イレブン / PayPayポイント / - / -
2025/10/20,支出,847,食費,支払い / セブン-イレブン - 大阪日本橋３丁目 / PayPay残高 / - / -
2025/10/20,収入,9,その他,ポイント、残高の獲得 / 吉野家 / PayPayポイント / - / -
2025/10/20,支出,1846,その他,支払い / 吉野家 - なんばＣＩＴＹ南館店 / PayPay残高 / - / -
2025/10/20,収入,14,その他,ポイント、残高の獲得 / Uber Eats / PayPayポイント / - / -
2025/10/20,支出,2800,その他,支払い / Uber Eats / PayPay残高 / - / -
2025/10/20,収入,6,その他,ポイント、残高の獲得 / Uber Eats / PayPayポイント / - / -
2025/10/20,支出,1226,その他,支払い / Uber Eats / PayPay残高 / - / -
2025/10/21,収入,2,その他,ポイント、残高の獲得 / セブン-イレブン / PayPayポイント / - / -
2025/10/21,支出,464,食費,支払い / セブン-イレブン - 大阪日本橋３丁目 / PayPay残高 / - / -
2025/10/21,支出,4300,その他,支払い / スシローお持ち帰りネット注文 / PayPay残高 / - / -
2025/10/21,収入,70000,その他,カード　ｾﾌﾞﾝ-1113520
2025/10/21,支出,220,その他,手数料
2025/10/22,収入,21,その他,ポイント、残高の獲得 / スシローお持ち帰りネット注文 / PayPayポイント / - / -
2025/10/22,支出,7903,その他,ガス　ｵｵｻｶｶﾞｽ(ｶ)
2025/10/23,支出,868,食費,支払い / セブン-イレブン - 大阪日本橋３丁目 / PayPay残高 / - / -
2025/10/23,収入,4,その他,ポイント、残高の獲得 / セブン-イレブン / PayPayポイント / - / -
2025/10/23,支出,194,その他,支払い / デイリーヤマザキ - 淀川西中島 / PayPay残高 / - / -
2025/10/23,支出,50000,その他,カード　ｾﾌﾞﾝ-1134905
2025/10/23,支出,220,その他,手数料
2025/10/24,収入,2,その他,ポイント、残高の獲得 / セブン-イレブン / PayPayポイント / - / -
2025/10/24,支出,468,食費,支払い / セブン-イレブン - 大阪西中島４丁目 / PayPay残高 / - / -
2025/10/24,収入,4,その他,ポイント、残高の獲得 / マクドナルド / PayPayポイント / - / -
2025/10/24,支出,940,食費,支払い / マクドナルド - マクドナルド西中島南方店 / PayPay残高 / - / -
2025/10/24,収入,1,その他,ポイント、残高の獲得 / セブン-イレブン / PayPayポイント / - / -
2025/10/24,支出,320,食費,支払い / セブン-イレブン - 大阪西中島４丁目 / PayPay残高 / - / -
2025/10/24,収入,248223,その他,振込　ｶ)ｾﾞﾛｲﾁ
2025/10/25,収入,25,その他,ポイント、残高の獲得 / スギ薬局グループ / PayPayポイント / - / -
2025/10/25,支出,5163,日用品,支払い / スギ薬局グループ - スギドラッグ道頓堀東店 / PayPay残高 / - / -
2025/10/25,収入,2,その他,ポイント、残高の獲得 / NEXCO西日本 / PayPayポイント / - / -
2025/10/25,支出,409,その他,支払い / NEXCO西日本 - 権現湖パーキングエリア上り線 / PayPay残高 / - / -
2025/10/25,支出,2654,その他,支払い / NEXCO西日本 - 吉備サービスエリア上り線 / PayPay残高 / - / -
2025/10/25,収入,13,その他,ポイント、残高の獲得 / NEXCO西日本 / PayPayポイント / - / -
2025/10/25,収入,1,その他,ポイント、残高の獲得 / NEXCO西日本 / PayPayポイント / - / -
2025/10/25,支出,365,その他,支払い / NEXCO西日本 - 吉備サービスエリア上り線 / PayPay残高 / - / -
2025/10/25,収入,9,その他,ポイント、残高の獲得 / ファミリーマート / PayPayポイント / - / -
2025/10/25,支出,1859,その他,支払い / ファミリーマート - 池田木部町 / PayPay残高 / - / -
2025/10/25,支出,130000,その他,送金　ｾﾌﾞﾝ-9419910
2025/10/25,支出,660,その他,手数料
2025/10/25,支出,50000,その他,カード　ｾﾌﾞﾝ-9419910
2025/10/25,支出,220,その他,手数料
2025/10/26,収入,1500,その他,受け取った金額 / n / PayPay残高 / - / -
2025/10/26,支出,6754,その他,支払い / 心斎橋PARCO - やきとり正や心斎橋PARCO店 / PayPay残高 / - / -
2025/10/26,収入,33,その他,ポイント、残高の獲得 / 心斎橋PARCO / PayPayポイント / - / -
2025/10/26,収入,6,その他,ポイント、残高の獲得 / ローソン / PayPayポイント / - / -
2025/10/26,支出,1338,食費,支払い / ローソン - ローソンストア100浪速日本橋 / PayPay残高 / - / -
2025/10/26,収入,10000,その他,振込　ｲﾊﾗ ｼﾖｳﾀﾛｳ
2025/10/26,収入,42000,その他,カード　ｾﾌﾞﾝ-1113520
2025/10/26,支出,220,その他,手数料
2025/10/27,支出,916,食費,支払い / ローソン - ローソンストア100浪速日本橋 / PayPay残高 / - / -
2025/10/27,収入,4,その他,ポイント、残高の獲得 / ローソン / PayPayポイント / - / -
2025/10/27,収入,1,その他,ポイント、残高の獲得 / BIZcomfortCafe 大阪江戸堀 / PayPayポイント / - / -
2025/10/27,支出,380,その他,"支払い / BIZcomfortCafe 大阪江戸堀 / PayPayポイント (21円), PayPay残高 (359円) / - / -"
2025/10/27,支出,17283,その他,返済金　ﾆﾎﾝｶﾞｸｾｲｼｴﾝｷ
2025/10/27,支出,95310,その他,振替　ｴﾎﾟｽｶ-ﾄﾞ
2025/10/27,支出,17809,その他,振替　ﾐﾂｲｽﾐﾄﾓｶ-ﾄﾞ
2025/10/29,支出,4000,その他,送った金額 / 志村雄太 / PayPay残高 / - / -
2025/10/29,支出,4000,その他,送った金額 / ライキ / PayPay残高 / - / -
2025/10/29,収入,4,その他,ポイント、残高の獲得 / デイリーヤマザキ / PayPayポイント / - / -
2025/10/29,支出,970,その他,支払い / デイリーヤマザキ - 淀川西中島 / PayPay残高 / - / -
2025/10/29,収入,4,その他,ポイント、残高の獲得 / 媛 / PayPayポイント / - / -
2025/10/29,支出,890,その他,"支払い / 媛 - 故郷味の旅 / PayPayポイント (78円), PayPay残高 (812円) / - / -"
2025/10/30,支出,890,その他,支払い / 媛 - 故郷味の旅 / PayPay残高 / - / -
2025/10/30,収入,4,その他,ポイント、残高の獲得 / 媛 / PayPayポイント / - / -
2025/10/30,収入,16030,その他,受け取った金額 / 志村雄太 / PayPay残高 / - / -
2025/10/31,収入,7,その他,ポイント、残高の獲得 / デイリーヤマザキ / PayPayポイント / - / -
2025/10/31,支出,1536,その他,支払い / デイリーヤマザキ - 淀川西中島 / PayPay残高 / - / -
2025/10/31,収入,15000,その他,カード　新大阪駅前
2025/11/01,収入,3,その他,ポイント、残高の獲得 / セブン-イレブン / PayPayポイント / - / -
2025/11/01,支出,686,食費,支払い / セブン-イレブン - 大阪日本橋３丁目 / PayPay残高 / - / -
2025/11/01,支出,195,食費,支払い / セブン-イレブン - 大阪日本橋３丁目 / PayPay残高 / - / -
2025/11/01,支出,734,その他,支払い / 髙島屋 - 大阪店 / PayPay残高 / - / -
2025/11/01,収入,3,その他,ポイント、残高の獲得 / 髙島屋 / PayPayポイント / - / -
2025/11/01,収入,79,その他,ポイント、残高の獲得 / なんばCITY / PayPayポイント / - / -
2025/11/01,支出,15950,その他,支払い / なんばCITY - アダム　エ　ロペ / PayPay残高 / - / -
2025/11/01,収入,37,その他,ポイント、残高の獲得 / 千一夜 / PayPayポイント / - / -
2025/11/01,支出,7590,その他,"支払い / 千一夜 / PayPayポイント (5円), PayPay残高 (7,585円) / - / -"
2025/11/02,収入,21,その他,ポイント、残高の獲得 / GEO / PayPayポイント / - / -
2025/11/02,支出,4295,その他,支払い / GEO - セカンドストリート堀江店 / PayPay残高 / - / -
2025/11/02,収入,9,その他,ポイント、残高の獲得 / Uber Eats / PayPayポイント / - / -
2025/11/02,支出,1832,その他,"支払い / Uber Eats / PayPayポイント (9円), PayPay残高 (1,823円) / - / -"
2025/11/03,支出,6000,その他,送った金額 / 志村雄太 / PayPay残高 / - / -
2025/11/03,収入,3600,その他,受け取った金額 / ライキ / PayPay残高 / - / -
2025/11/03,収入,5000,その他,受け取った金額 / 志村雄太 / PayPay残高 / - / -
2025/11/04,収入,13,その他,ポイント、残高の獲得 / Uber Eats / PayPayポイント / - / -
2025/11/04,支出,2801,その他,"支払い / Uber Eats / PayPayポイント (36円), PayPay残高 (2,765円) / - / -"
2025/11/04,支出,3000,その他,送った金額 / 志村雄太 / PayPay残高 / - / -
2025/11/04,支出,15132,通信費,振替　AU PAY ｶ-ﾄﾞ
2025/11/05,支出,900,交通費,支払い / タクシー車内決済(GO) - 株式会社国際興業大阪　我孫子営業所 / PayPay残高 / - / -
2025/11/05,収入,4,その他,ポイント、残高の獲得 / タクシー車内決済(GO) / PayPayポイント / - / -
2025/11/05,収入,6,その他,ポイント、残高の獲得 / 中華そばふじい / PayPayポイント / - / -
2025/11/05,支出,1320,その他,"支払い / 中華そばふじい - なんば店 / PayPayポイント (6円), PayPay残高 (1,314円) / - / -"
2025/11/05,支出,1000,その他,送った金額 / にゃー / PayPay残高 / - / -
2025/11/06,収入,2,その他,ポイント、残高の獲得 / セブン-イレブン / PayPayポイント / - / -
2025/11/06,支出,578,食費,"支払い / セブン-イレブン - 大阪西中島４丁目 / PayPayポイント (12円), PayPay残高 (566円) / - / -"
2025/11/12,支出,55,その他,水道　ｽｲﾄﾞｳ10ﾂｷﾌﾞﾝ
2025/11/21,収入,10000,その他,カード　ｾﾌﾞﾝ-1113520
2025/11/21,支出,220,その他,手数料
2025/11/21,支出,6334,その他,ガス　ｵｵｻｶｶﾞｽ(ｶ)
2025/11/25,収入,247522,その他,振込　ｶ)ｾﾞﾛｲﾁ
2025/11/26,支出,29680,その他,振替　ﾐﾂｲｽﾐﾄﾓｶ-ﾄﾞ
2025/11/27,支出,17283,その他,返済金　ﾆﾎﾝｶﾞｸｾｲｼｴﾝｷ
2025/11/27,支出,95310,その他,振替　ｴﾎﾟｽｶ-ﾄﾞ
2025/12/01,支出,1000,その他,期間限定ポイントの期限切れ / - / PayPayポイント / - / -
2025/12/04,支出,64792,通信費,振替　AU PAY ｶ-ﾄﾞ
2025/12/06,支出,30000,その他,送金　IB ｲﾊﾗ ｼﾖｳﾀﾛ
2025/12/06,支出,165,その他,手数料
2025/12/06,支出,15000,その他,送金　IB ｲﾊﾗ ｼﾖｳﾀﾛ
2025/12/09,支出,55,その他,水道　ｽｲﾄﾞｳ11ﾂｷﾌﾞﾝ
2025/12/12,支出,3000,その他,送金　IB ｲﾊﾗ ｼﾖｳﾀﾛ
2025/12/12,支出,165,その他,手数料
2025/12/15,収入,56000,その他,振込　ｻﾄｳ ﾚﾝﾔ
2025/12/15,支出,56000,その他,カード　ｾﾌﾞﾝ-1137999
2025/12/15,支出,110,その他,手数料
2025/12/22,収入,10000,その他,カード　ｾﾌﾞﾝ-1113520
2025/12/22,支出,220,その他,手数料
2025/12/25,収入,267524,その他,振込　ｶ)ｾﾞﾛｲﾁ
2025/12/25,支出,160000,その他,送金　IB ｲﾊﾗ ｼﾖｳﾀﾛ
2025/12/25,支出,165,その他,手数料
2025/12/26,支出,36685,その他,振替　ﾐﾂｲｽﾐﾄﾓｶ-ﾄﾞ
2025/12/27,収入,200000,その他,カード　ｾﾌﾞﾝ-1113520
2025/12/27,支出,220,その他,手数料
2025/12/29,支出,17283,その他,返済金　ﾆﾎﾝｶﾞｸｾｲｼｴﾝｷ
2025/12/29,支出,95310,その他,振替　ｴﾎﾟｽｶ-ﾄﾞ
2025/12/29,支出,20000,その他,送金　IB ｲﾊﾗ ｼﾖｳﾀﾛ
2025/12/29,支出,165,その他,手数料
2025/12/29,支出,100000,その他,送金　IB ｻｲﾄｳ ﾋﾛｱｷ
2025/12/30,支出,500,その他,"支払い / CIC / PayPayポイント (386円), PayPay残高 (114円) / - / -"
2025/12/30,収入,1000,その他,受け取った金額 / にゃー / PayPay残高 / - / -
2025/12/30,収入,101000,その他,振込　ｻｲﾄｳ ﾋﾛｱｷ
2026/01/01,収入,10000,その他,チャージ / PayPay / セブン銀行ATM / - / -
2026/01/01,支出,100000,その他,カード　ｾﾌﾞﾝ-1125127
2026/01/01,支出,220,その他,手数料
2026/01/01,支出,40000,その他,送金　IB ｲﾊﾗ ｼﾖｳﾀﾛ
2026/01/01,支出,165,その他,手数料
2026/01/02,支出,1100,その他,支払い / ワンコインドーム - 1515 / PayPay残高 / - / -
2026/01/02,支出,2100,その他,送った金額 / 樹生 / PayPay残高 / - / -
2026/01/02,支出,1100,その他,送った金額 / にゃー / PayPay残高 / - / -
2026/01/11,支出,10000,現金 → 銀行口座,